csv_file,tag,window_idx,label,score,e_mean,e_max,e_std,e_valid,zero_frac
csi_20260916_1331_hardneg_chair.csv,hardneg_chair,0,0,0.924429,0.243091,0.497970,0.216115,0.153125,0.150000
csi_20260916_1331_hardneg_chair.csv,hardneg_chair,1,0,0.548437,0.262331,0.497970,0.218380,0.160110,0.173333
csi_20260916_1331_hardneg_chair.csv,hardneg_chair,2,0,0.867283,0.246855,0.478515,0.212288,0.153547,0.160000
csi_20260916_1331_hardneg_chair.csv,hardneg_chair,3,0,0.949513,0.229505,0.478515,0.211030,0.146866,0.133333
csi_20260916_1331_hardneg_chair.csv,hardneg_chair,4,0,0.961454,0.217674,0.462899,0.205529,0.145814,0.113333
csi_20260916_1331_hardneg_chair.csv,hardneg_chair,5,0,0.875932,0.222725,0.406729,0.204156,0.154698,0.120000
csi_20260916_1331_hardneg_chair.csv,hardneg_chair,6,0,0.971774,0.238756,0.440881,0.206379,0.156982,0.143333
csi_20260916_1331_hardneg_chair.csv,hardneg_chair,7,0,0.976223,0.239961,0.440881,0.208215,0.148386,0.146667
csi_20260916_1331_hardneg_chair.csv,hardneg_chair,8,0,0.977797,0.234887,0.439403,0.212402,0.136708,0.160000
csi_20260916_1331_hardneg_chair.csv,hardneg_chair,9,0,0.801364,0.216050,0.446577,0.211416,0.130865,0.136667
csi_20260916_1331_hardneg_chair.csv,hardneg_chair,10,0,0.735916,0.219152,0.493953,0.212195,0.132160,0.130000
csi_20260916_1331_hardneg_chair.csv,hardneg_chair,11,0,0.945518,0.246853,0.493953,0.212803,0.145541,0.163333
csi_20260916_1331_hardneg_chair.csv,hardneg_chair,12,0,0.860175,0.256403,0.412948,0.208801,0.158024,0.170000
csi_20260916_1331_hardneg_chair.csv,hardneg_chair,13,0,0.297507,0.247573,0.402584,0.209357,0.158527,0.156667
csi_20260916_1331_hardneg_chair.csv,hardneg_chair,14,0,0.874003,0.228981,0.409052,0.209021,0.149898,0.133333
csi_20260916_1331_hardneg_chair.csv,hardneg_chair,15,0,0.950158,0.238503,0.415057,0.212957,0.149836,0.146667
csi_20260916_1331_hardneg_chair.csv,hardneg_chair,16,0,0.500438,0.257511,0.415057,0.211674,0.162880,0.166667
csi_20260916_1331_hardneg_chair.csv,hardneg_chair,17,0,0.897511,0.250320,0.405727,0.212589,0.152233,0.163333
csi_20260916_1331_hardneg_chair.csv,hardneg_chair,18,0,0.802694,0.242957,0.485953,0.224219,0.142351,0.170000
csi_20260916_1331_hardneg_chair.csv,hardneg_chair,19,0,0.968984,0.233803,0.485953,0.226694,0.130043,0.166667
csi_20260916_1331_hardneg_chair.csv,hardneg_chair,20,0,0.747143,0.236462,0.409226,0.220589,0.132721,0.160000
csi_20260916_1331_hardneg_chair.csv,hardneg_chair,21,0,0.894077,0.244390,0.499619,0.214661,0.146088,0.156667
csi_20260916_1331_hardneg_chair.csv,hardneg_chair,22,0,0.976281,0.247048,0.514711,0.215852,0.146306,0.166667
csi_20260916_1331_hardneg_chair.csv,hardneg_chair,23,0,0.879634,0.251160,0.514711,0.214827,0.147017,0.173333
csi_20260916_1331_hardneg_chair.csv,hardneg_chair,24,0,0.390111,0.234639,0.413279,0.212582,0.139379,0.153333
csi_20260916_1331_hardneg_chair.csv,hardneg_chair,25,0,0.583381,0.246960,0.413279,0.211199,0.153480,0.160000
csi_20260916_1331_hardneg_chair.csv,hardneg_chair,26,0,0.969714,0.263523,0.490455,0.214270,0.159477,0.176667
csi_20260916_1331_hardneg_chair.csv,hardneg_chair,27,0,0.844025,0.254508,0.490455,0.213993,0.149499,0.173333
csi_20260916_1331_hardneg_chair.csv,hardneg_chair,28,0,0.441464,0.250480,0.424153,0.208811,0.157123,0.160000
csi_20260916_1331_hardneg_chair.csv,hardneg_chair,29,0,0.949383,0.243736,0.424153,0.214974,0.145365,0.160000
csi_20260916_1331_hardneg_chair.csv,hardneg_chair,30,0,0.923520,0.247657,0.478532,0.222638,0.131058,0.176667
csi_20260916_1331_hardneg_chair.csv,hardneg_chair,31,0,0.889133,0.252459,0.478532,0.221353,0.139564,0.173333
csi_20260916_1331_hardneg_chair.csv,hardneg_chair,32,0,0.959391,0.254254,0.451655,0.219935,0.149929,0.170000
csi_20260916_1331_hardneg_chair.csv,hardneg_chair,33,0,0.742396,0.251646,0.451655,0.218285,0.150538,0.166667
csi_20260916_1331_hardneg_chair.csv,hardneg_chair,34,0,0.898832,0.229019,0.413808,0.205493,0.139472,0.143333
csi_20260916_1331_hardneg_chair.csv,hardneg_chair,35,0,0.968167,0.246339,0.473660,0.213997,0.136026,0.173333
csi_20260916_1331_hardneg_chair.csv,hardneg_chair,36,0,0.953987,0.264853,0.473660,0.217585,0.149300,0.186667
csi_20260916_1331_hardneg_chair.csv,hardneg_chair,37,0,0.960030,0.249630,0.408626,0.209636,0.151884,0.156667
csi_20260916_1331_hardneg_chair.csv,hardneg_chair,38,0,0.588153,0.252171,0.408626,0.214840,0.144815,0.170000
csi_20260916_1331_hardneg_chair.csv,hardneg_chair,39,0,0.966671,0.253764,0.402246,0.218074,0.148300,0.170000
csi_20260916_1331_hardneg_chair.csv,hardneg_chair,40,0,0.969845,0.258728,0.458805,0.218562,0.157536,0.170000
csi_20260916_1332_hardneg_chair.csv,hardneg_chair,0,0,0.964157,0.226174,0.490624,0.201542,0.159686,0.110000
csi_20260916_1332_hardneg_chair.csv,hardneg_chair,1,0,0.926185,0.207398,0.401366,0.190668,0.153639,0.096667
csi_20260916_1332_hardneg_chair.csv,hardneg_chair,2,0,0.979523,0.215883,0.423338,0.196937,0.157169,0.106667
csi_20260916_1332_hardneg_chair.csv,hardneg_chair,3,0,0.931503,0.242512,0.423338,0.207173,0.162719,0.146667
csi_20260916_1332_hardneg_chair.csv,hardneg_chair,4,0,0.968881,0.234766,0.415339,0.202619,0.167181,0.126667
csi_20260916_1332_hardneg_chair.csv,hardneg_chair,5,0,0.987329,0.220214,0.402103,0.200275,0.152150,0.113333
csi_20260916_1332_hardneg_chair.csv,hardneg_chair,6,0,0.967927,0.221006,0.402103,0.199446,0.149241,0.113333
csi_20260916_1332_hardneg_chair.csv,hardneg_chair,7,0,0.976069,0.223775,0.396119,0.206846,0.150019,0.120000
csi_20260916_1332_hardneg_chair.csv,hardneg_chair,8,0,0.978453,0.218235,0.396119,0.204842,0.147716,0.113333
csi_20260916_1332_hardneg_chair.csv,hardneg_chair,9,0,0.980843,0.202500,0.389235,0.194290,0.147698,0.083333
csi_20260916_1332_hardneg_chair.csv,hardneg_chair,10,0,0.985031,0.190875,0.397939,0.190254,0.143142,0.073333
csi_20260916_1332_hardneg_chair.csv,hardneg_chair,11,0,0.976460,0.204168,0.405436,0.193970,0.145330,0.093333
csi_20260916_1332_hardneg_chair.csv,hardneg_chair,12,0,0.984217,0.216376,0.405436,0.205702,0.130337,0.126667
csi_20260916_1332_hardneg_chair.csv,hardneg_chair,13,0,0.977422,0.221383,0.408032,0.206773,0.136009,0.136667
csi_20260916_1332_hardneg_chair.csv,hardneg_chair,14,0,0.978777,0.224141,0.445042,0.210366,0.150051,0.126667
csi_20260916_1332_hardneg_chair.csv,hardneg_chair,15,0,0.980192,0.215689,0.445042,0.206065,0.151726,0.110000
csi_20260916_1332_hardneg_chair.csv,hardneg_chair,16,0,0.967299,0.213221,0.389756,0.194768,0.154833,0.096667
csi_20260916_1332_hardneg_chair.csv,hardneg_chair,17,0,0.980303,0.220264,0.402382,0.199705,0.150533,0.110000
csi_20260916_1332_hardneg_chair.csv,hardneg_chair,18,0,0.983209,0.221940,0.402382,0.199965,0.149979,0.113333
csi_20260916_1332_hardneg_chair.csv,hardneg_chair,19,0,0.974304,0.226376,0.412782,0.199838,0.157619,0.116667
csi_20260916_1332_hardneg_chair.csv,hardneg_chair,20,0,0.973783,0.232448,0.418249,0.201995,0.161495,0.120000
csi_20260916_1332_hardneg_chair.csv,hardneg_chair,21,0,0.956027,0.219150,0.418249,0.197920,0.158073,0.100000
csi_20260916_1332_hardneg_chair.csv,hardneg_chair,22,0,0.937137,0.226292,0.435122,0.209958,0.158127,0.113333
csi_20260916_1332_hardneg_chair.csv,hardneg_chair,23,0,0.975646,0.250198,0.435122,0.218235,0.171550,0.136667
csi_20260916_1332_hardneg_chair.csv,hardneg_chair,24,0,0.940693,0.231588,0.420819,0.209703,0.163001,0.116667
csi_20260916_1332_hardneg_chair.csv,hardneg_chair,25,0,0.974944,0.206685,0.413300,0.200840,0.148786,0.090000
csi_20260916_1332_hardneg_chair.csv,hardneg_chair,26,0,0.981870,0.224546,0.459972,0.207596,0.157745,0.106667
csi_20260916_1332_hardneg_chair.csv,hardneg_chair,27,0,0.976819,0.229707,0.459972,0.209410,0.160014,0.116667
csi_20260916_1332_hardneg_chair.csv,hardneg_chair,28,0,0.963912,0.242734,0.415777,0.211966,0.162821,0.143333
csi_20260916_1332_hardneg_chair.csv,hardneg_chair,29,0,0.952005,0.234771,0.415777,0.215535,0.163462,0.136667
csi_20260916_1332_hardneg_chair.csv,hardneg_chair,30,0,0.975646,0.211765,0.409963,0.208434,0.166837,0.086667
csi_20260916_1332_hardneg_chair.csv,hardneg_chair,31,0,0.948006,0.237579,0.451845,0.214093,0.179444,0.103333
csi_20260916_1332_hardneg_chair.csv,hardneg_chair,32,0,0.984605,0.241643,0.451845,0.222280,0.147269,0.146667
csi_20260916_1332_hardneg_chair.csv,hardneg_chair,33,0,0.982910,0.213672,0.514228,0.212188,0.140162,0.113333
csi_20260916_1332_hardneg_chair.csv,hardneg_chair,34,0,0.985178,0.208681,0.514228,0.207606,0.156714,0.083333
csi_20260916_1332_hardneg_chair.csv,hardneg_chair,35,0,0.984783,0.214995,0.441649,0.207927,0.161990,0.083333
csi_20260916_1332_hardneg_chair.csv,hardneg_chair,36,0,0.982197,0.227937,0.512539,0.211446,0.171864,0.093333
csi_20260916_1332_hardneg_chair.csv,hardneg_chair,37,0,0.931152,0.230741,0.512539,0.216154,0.165428,0.113333
csi_20260916_1332_hardneg_chair.csv,hardneg_chair,38,0,0.985020,0.220167,0.445564,0.211458,0.155154,0.100000
csi_20260916_1332_hardneg_chair.csv,hardneg_chair,39,0,0.949676,0.220776,0.458591,0.205810,0.166990,0.083333
csi_20260916_1332_hardneg_chair.csv,hardneg_chair,40,0,0.973292,0.206561,0.458591,0.196982,0.160389,0.070000
csi_20260916_1332_hardneg_chair.csv,hardneg_chair,41,0,0.981378,0.204478,0.430252,0.198747,0.141168,0.103333
csi_20260916_1332_hardneg_chair.csv,hardneg_chair,42,0,0.977247,0.219379,0.414481,0.201225,0.141524,0.130000
csi_20260916_1332_hardneg_chair.csv,hardneg_chair,43,0,0.980314,0.203950,0.403702,0.191510,0.145693,0.100000
csi_20260916_1332_hardneg_chair.csv,hardneg_chair,44,0,0.950976,0.187101,0.412171,0.194149,0.146926,0.083333
csi_20260916_1332_hardneg_chair.csv,hardneg_chair,45,0,0.951377,0.208729,0.444100,0.208935,0.156938,0.096667
csi_20260916_1332_hardneg_chair.csv,hardneg_chair,46,0,0.968059,0.213632,0.444100,0.204712,0.158937,0.080000
csi_20260916_1332_hardneg_chair.csv,hardneg_chair,47,0,0.961922,0.213654,0.485388,0.202266,0.162341,0.073333
csi_20260916_1332_hardneg_chair.csv,hardneg_chair,48,0,0.978672,0.228776,0.485388,0.211833,0.160989,0.103333
csi_20260916_1332_hardneg_chair.csv,hardneg_chair,49,0,0.988997,0.224509,0.447529,0.209395,0.156223,0.106667
csi_20260916_1332_hardneg_chair.csv,hardneg_chair,50,0,0.979557,0.224923,0.447529,0.207091,0.170397,0.093333
csi_20260916_1332_hardneg_chair.csv,hardneg_chair,51,0,0.977262,0.226223,0.435827,0.213623,0.171378,0.100000
csi_20260916_1332_hardneg_chair.csv,hardneg_chair,52,0,0.960652,0.222502,0.445635,0.219031,0.161873,0.106667
csi_20260916_1332_hardneg_chair.csv,hardneg_chair,53,0,0.904670,0.234014,0.445635,0.223488,0.172931,0.106667
csi_20260916_1332_hardneg_chair.csv,hardneg_chair,54,0,0.945558,0.251091,0.442771,0.227267,0.183596,0.116667
csi_20260916_1332_hardneg_chair.csv,hardneg_chair,55,0,0.980783,0.239068,0.453253,0.220932,0.188394,0.090000
csi_20260916_1332_hardneg_chair.csv,hardneg_chair,56,0,0.970953,0.220368,0.453253,0.207767,0.185584,0.060000
csi_20260916_1332_hardneg_chair.csv,hardneg_chair,57,0,0.980250,0.225549,0.451977,0.207903,0.174503,0.083333
csi_20260916_1332_hardneg_chair.csv,hardneg_chair,58,0,0.986263,0.226881,0.467134,0.209061,0.159166,0.106667
csi_20260916_1332_hardneg_chair.csv,hardneg_chair,59,0,0.963605,0.217598,0.467134,0.206637,0.158533,0.100000
csi_20260916_1332_hardneg_chair.csv,hardneg_chair,60,0,0.984369,0.230298,0.441912,0.210463,0.177171,0.093333
csi_20260916_1332_hardneg_chair.csv,hardneg_chair,61,0,0.982260,0.228542,0.458470,0.209002,0.176646,0.083333
csi_20260916_1332_hardneg_chair.csv,hardneg_chair,62,0,0.982183,0.218670,0.458470,0.203432,0.182326,0.066667
csi_20260916_1332_hardneg_chair.csv,hardneg_chair,63,0,0.980265,0.225317,0.502176,0.214116,0.175894,0.086667
csi_20260916_1332_hardneg_chair.csv,hardneg_chair,64,0,0.976601,0.236332,0.510564,0.223471,0.175198,0.103333
csi_20260916_1332_hardneg_chair.csv,hardneg_chair,65,0,0.946127,0.227985,0.510564,0.217277,0.183118,0.093333
csi_20260916_1332_hardneg_chair.csv,hardneg_chair,66,0,0.983603,0.222302,0.475023,0.214411,0.165559,0.103333
csi_20260916_1332_hardneg_chair.csv,hardneg_chair,67,0,0.991096,0.200874,0.435594,0.196270,0.144781,0.080000
csi_20260916_1332_hardneg_chair.csv,hardneg_chair,68,0,0.986210,0.195870,0.446470,0.195857,0.138164,0.086667
csi_20260916_1332_hardneg_chair.csv,hardneg_chair,69,0,0.939200,0.210895,0.446470,0.205279,0.147114,0.096667
csi_20260916_1332_hardneg_chair.csv,hardneg_chair,70,0,0.965338,0.201784,0.435363,0.200740,0.154139,0.076667
csi_20260916_1332_hardneg_chair.csv,hardneg_chair,71,0,0.970022,0.205168,0.427277,0.210309,0.152358,0.086667
csi_20260916_1332_hardneg_chair.csv,hardneg_chair,72,0,0.982925,0.219807,0.427277,0.218641,0.158604,0.103333
csi_20260916_1332_hardneg_chair.csv,hardneg_chair,73,0,0.975182,0.225156,0.454101,0.215719,0.158027,0.110000
csi_20260916_1332_hardneg_chair.csv,hardneg_chair,74,0,0.973094,0.222520,0.454101,0.213392,0.165480,0.093333
csi_20260916_1332_hardneg_chair.csv,hardneg_chair,75,0,0.971157,0.220841,0.449392,0.205722,0.179561,0.076667
csi_20260916_1332_hardneg_chair.csv,hardneg_chair,76,0,0.970569,0.221564,0.461777,0.206643,0.172291,0.083333
csi_20260916_1332_hardneg_chair.csv,hardneg_chair,77,0,0.968855,0.205386,0.461777,0.201584,0.161834,0.070000
csi_20260916_1332_hardneg_chair.csv,hardneg_chair,78,0,0.964077,0.224076,0.487314,0.205903,0.173941,0.080000
csi_20260916_1332_hardneg_chair.csv,hardneg_chair,79,0,0.898815,0.245484,0.487314,0.219699,0.176816,0.116667
csi_20260916_1332_hardneg_chair.csv,hardneg_chair,80,0,0.980126,0.215474,0.453579,0.212179,0.161123,0.093333
csi_20260916_1332_hardneg_chair.csv,hardneg_chair,81,0,0.981490,0.224949,0.443598,0.216910,0.171113,0.103333
csi_20260916_1332_hardneg_chair.csv,hardneg_chair,82,0,0.970129,0.223281,0.453545,0.218141,0.173761,0.096667
csi_20260916_1332_hardneg_chair.csv,hardneg_chair,83,0,0.888746,0.205835,0.454364,0.211569,0.160639,0.076667
csi_20260916_1332_hardneg_chair.csv,hardneg_chair,84,0,0.980022,0.210017,0.454364,0.217970,0.140051,0.110000
csi_20260916_1332_hardneg_chair.csv,hardneg_chair,85,0,0.983706,0.207581,0.430043,0.210498,0.147875,0.093333
csi_20260916_1332_hardneg_chair.csv,hardneg_chair,86,0,0.959607,0.219692,0.442806,0.202805,0.176673,0.070000
csi_20260916_1332_hardneg_chair.csv,hardneg_chair,87,0,0.971723,0.232279,0.469371,0.208656,0.176389,0.090000
csi_20260916_1332_hardneg_chair.csv,hardneg_chair,88,0,0.956268,0.229394,0.469371,0.209725,0.179328,0.083333
csi_20260916_1332_hardneg_chair.csv,hardneg_chair,89,0,0.935414,0.230336,0.449106,0.210004,0.184764,0.080000
csi_20260916_1332_hardneg_chair.csv,hardneg_chair,90,0,0.967008,0.229262,0.449106,0.210108,0.178297,0.090000
csi_20260916_1332_hardneg_chair.csv,hardneg_chair,91,0,0.971172,0.207573,0.426939,0.198172,0.170651,0.063333
csi_20260916_1332_hardneg_chair.csv,hardneg_chair,92,0,0.975987,0.201899,0.453750,0.202915,0.163731,0.063333
csi_20260916_1332_hardneg_chair.csv,hardneg_chair,93,0,0.948916,0.204976,0.453750,0.206350,0.162802,0.073333
csi_20260916_1332_hardneg_chair.csv,hardneg_chair,94,0,0.876484,0.212538,0.455484,0.208369,0.159355,0.083333
csi_20260916_1332_hardneg_chair.csv,hardneg_chair,95,0,0.877657,0.224473,0.455484,0.206775,0.175223,0.083333
csi_20260916_1332_hardneg_chair.csv,hardneg_chair,96,0,0.977816,0.231810,0.479657,0.232754,0.175231,0.156667
csi_20260916_1332_hardneg_chair.csv,hardneg_chair,97,0,0.890666,0.212159,0.479657,0.230673,0.152113,0.156667
csi_20260916_1332_hardneg_chair.csv,hardneg_chair,98,0,0.965928,0.198321,0.447118,0.196907,0.162669,0.060000
csi_20260916_1332_hardneg_chair.csv,hardneg_chair,99,0,0.982587,0.218532,0.447118,0.204764,0.167371,0.080000
csi_20260916_1332_hardneg_chair.csv,hardneg_chair,100,0,0.978802,0.225029,0.447681,0.210045,0.166503,0.100000
csi_20260916_1332_hardneg_chair.csv,hardneg_chair,101,0,0.986534,0.204120,0.447681,0.204539,0.159002,0.076667
csi_20260916_1332_hardneg_chair.csv,hardneg_chair,102,0,0.975643,0.212032,0.440333,0.200991,0.169030,0.070000
csi_20260916_1332_hardneg_chair.csv,hardneg_chair,103,0,0.948801,0.224218,0.448697,0.204421,0.175026,0.080000
csi_20260916_1332_hardneg_chair.csv,hardneg_chair,104,0,0.927164,0.212215,0.455389,0.203157,0.160577,0.080000
csi_20260916_1332_hardneg_chair.csv,hardneg_chair,105,0,0.897389,0.197758,0.499388,0.197478,0.158968,0.060000
csi_20260916_1332_hardneg_chair.csv,hardneg_chair,106,0,0.966292,0.180601,0.499388,0.180354,0.164276,0.023333
csi_20260916_1332_hardneg_chair.csv,hardneg_chair,107,0,0.950773,0.183720,0.438873,0.182074,0.163169,0.030000
csi_20260916_1332_hardneg_chair.csv,hardneg_chair,108,0,0.959492,0.199605,0.448177,0.190742,0.166934,0.050000
csi_20260916_1332_hardneg_chair.csv,hardneg_chair,109,0,0.981474,0.198623,0.448177,0.196150,0.155297,0.063333
csi_20260916_1332_hardneg_chair.csv,hardneg_chair,110,0,0.835541,0.191304,0.438314,0.194923,0.153278,0.060000
csi_20260916_1332_hardneg_chair.csv,hardneg_chair,111,0,0.970048,0.193141,0.424784,0.189429,0.167327,0.040000
csi_20260916_1332_hardneg_chair.csv,hardneg_chair,112,0,0.979032,0.198756,0.446158,0.192087,0.164095,0.053333
csi_20260916_1332_hardneg_chair.csv,hardneg_chair,113,0,0.968192,0.194123,0.498101,0.191284,0.154232,0.060000
csi_20260916_1332_hardneg_chair.csv,hardneg_chair,114,0,0.921761,0.193113,0.498101,0.201905,0.139986,0.076667
csi_20260916_1332_hardneg_chair.csv,hardneg_chair,115,0,0.961989,0.198974,0.492776,0.199458,0.147123,0.076667
csi_20260916_1332_hardneg_chair.csv,hardneg_chair,116,0,0.950780,0.207482,0.493131,0.190725,0.163090,0.066667
csi_20260916_1332_hardneg_chair.csv,hardneg_chair,117,0,0.974047,0.203130,0.493131,0.191998,0.154683,0.070000
csi_20260916_1332_hardneg_chair.csv,hardneg_chair,118,0,0.986130,0.180832,0.416258,0.173873,0.148949,0.043333
csi_20260916_1333_hardneg_chair.csv,hardneg_chair,0,0,0.977097,0.266482,0.497754,0.235070,0.153876,0.173333
csi_20260916_1333_hardneg_chair.csv,hardneg_chair,1,0,0.986642,0.276184,0.521552,0.228274,0.169219,0.163333
csi_20260916_1333_hardneg_chair.csv,hardneg_chair,2,0,0.825317,0.254825,0.521552,0.219561,0.154551,0.146667
csi_20260916_1333_hardneg_chair.csv,hardneg_chair,3,0,0.600740,0.267779,0.455899,0.224366,0.163575,0.160000
csi_20260916_1333_hardneg_chair.csv,hardneg_chair,4,0,0.783630,0.282812,0.491745,0.238938,0.164467,0.193333
csi_20260916_1333_hardneg_chair.csv,hardneg_chair,5,0,0.968243,0.274322,0.491745,0.243225,0.150429,0.196667
csi_20260916_1333_hardneg_chair.csv,hardneg_chair,6,0,0.885660,0.268979,0.489865,0.234321,0.168476,0.170000
csi_20260916_1333_hardneg_chair.csv,hardneg_chair,7,0,0.872367,0.270632,0.454545,0.232117,0.186809,0.170000
csi_20260916_1333_hardneg_chair.csv,hardneg_chair,8,0,0.932131,0.269540,0.495547,0.233862,0.170038,0.183333
csi_20260916_1333_hardneg_chair.csv,hardneg_chair,9,0,0.936170,0.257953,0.495547,0.225162,0.156093,0.166667
csi_20260916_1333_hardneg_chair.csv,hardneg_chair,10,0,0.976785,0.240827,0.439150,0.216155,0.151672,0.150000
csi_20260916_1333_hardneg_chair.csv,hardneg_chair,11,0,0.757187,0.246787,0.403299,0.214220,0.151462,0.160000
csi_20260916_1333_hardneg_chair.csv,hardneg_chair,12,0,0.754719,0.250990,0.445338,0.219861,0.155369,0.163333
csi_20260916_1333_hardneg_chair.csv,hardneg_chair,13,0,0.960463,0.252712,0.445338,0.222199,0.156370,0.156667
csi_20260916_1333_hardneg_chair.csv,hardneg_chair,14,0,0.950261,0.263842,0.507703,0.231034,0.149042,0.183333
csi_20260916_1333_hardneg_chair.csv,hardneg_chair,15,0,0.946074,0.268158,0.507703,0.230804,0.158435,0.193333
csi_20260916_1333_hardneg_chair.csv,hardneg_chair,16,0,0.917955,0.261917,0.464909,0.223765,0.165302,0.166667
csi_20260916_1333_hardneg_chair.csv,hardneg_chair,17,0,0.976733,0.245546,0.483333,0.220752,0.141654,0.156667
csi_20260916_1333_hardneg_chair.csv,hardneg_chair,18,0,0.978445,0.235957,0.483333,0.216643,0.137130,0.150000
csi_20260916_1333_hardneg_chair.csv,hardneg_chair,19,0,0.932957,0.255586,0.517760,0.226191,0.151295,0.170000
csi_20260916_1333_hardneg_chair.csv,hardneg_chair,20,0,0.943598,0.264636,0.517760,0.228828,0.158642,0.173333
csi_20260916_1333_hardneg_chair.csv,hardneg_chair,21,0,0.983782,0.258296,0.440424,0.222246,0.153983,0.170000
csi_20260916_1333_hardneg_chair.csv,hardneg_chair,22,0,0.976877,0.242318,0.414643,0.212275,0.144318,0.156667
csi_20260916_1333_hardneg_chair.csv,hardneg_chair,23,0,0.985426,0.247797,0.437971,0.214202,0.151518,0.146667
csi_20260916_1333_hardneg_chair.csv,hardneg_chair,24,0,0.973833,0.281495,0.446496,0.228084,0.165481,0.186667
csi_20260916_1333_hardneg_chair.csv,hardneg_chair,25,0,0.967915,0.279586,0.446496,0.230218,0.167823,0.186667
csi_20260916_1333_hardneg_chair.csv,hardneg_chair,26,0,0.967861,0.256550,0.440226,0.223627,0.161154,0.153333
csi_20260916_1333_hardneg_chair.csv,hardneg_chair,27,0,0.976856,0.253129,0.449371,0.224439,0.160354,0.150000
csi_20260916_1333_hardneg_chair.csv,hardneg_chair,28,0,0.985651,0.249055,0.490702,0.227854,0.145873,0.156667
csi_20260916_1333_hardneg_chair.csv,hardneg_chair,29,0,0.982184,0.246158,0.496195,0.221168,0.137709,0.156667
csi_20260916_1333_hardneg_chair.csv,hardneg_chair,30,0,0.801754,0.252761,0.496195,0.217151,0.157776,0.150000
csi_20260916_1333_hardneg_chair.csv,hardneg_chair,31,0,0.980504,0.249601,0.432465,0.212597,0.156463,0.146667
csi_20260916_1333_hardneg_chair.csv,hardneg_chair,32,0,0.942196,0.228365,0.422895,0.209927,0.148751,0.126667
csi_20260916_1333_hardneg_chair.csv,hardneg_chair,33,0,0.979147,0.235172,0.431262,0.212643,0.156365,0.123333
csi_20260916_1333_hardneg_chair.csv,hardneg_chair,34,0,0.955513,0.249612,0.480224,0.226167,0.158913,0.146667
csi_20260916_1333_hardneg_chair.csv,hardneg_chair,35,0,0.957565,0.254932,0.480224,0.230588,0.159680,0.163333
csi_20260916_1333_hardneg_chair.csv,hardneg_chair,36,0,0.957889,0.262665,0.479887,0.225958,0.152836,0.173333
csi_20260916_1333_hardneg_chair.csv,hardneg_chair,37,0,0.982372,0.244433,0.451666,0.222032,0.139500,0.156667
csi_20260916_1333_hardneg_chair.csv,hardneg_chair,38,0,0.967530,0.246347,0.453906,0.221087,0.150142,0.150000
csi_20260916_1333_hardneg_chair.csv,hardneg_chair,39,0,0.915652,0.255907,0.492645,0.226237,0.158278,0.163333
csi_20260916_1334_hardneg_floor.csv,hardneg_floor,0,0,0.978472,0.274320,0.519928,0.233258,0.159905,0.173333
csi_20260916_1334_hardneg_floor.csv,hardneg_floor,1,0,0.974233,0.260783,0.470838,0.231427,0.152746,0.166667
csi_20260916_1334_hardneg_floor.csv,hardneg_floor,2,0,0.980888,0.258466,0.477973,0.232062,0.149848,0.173333
csi_20260916_1334_hardneg_floor.csv,hardneg_floor,3,0,0.982774,0.243906,0.477973,0.218466,0.156598,0.143333
csi_20260916_1334_hardneg_floor.csv,hardneg_floor,4,0,0.982003,0.251455,0.461734,0.213020,0.173889,0.130000
csi_20260916_1334_hardneg_floor.csv,hardneg_floor,5,0,0.988952,0.267806,0.461734,0.226213,0.174139,0.156667
csi_20260916_1334_hardneg_floor.csv,hardneg_floor,6,0,0.849528,0.262107,0.479554,0.229366,0.166074,0.163333
csi_20260916_1334_hardneg_floor.csv,hardneg_floor,7,0,0.937157,0.257748,0.479554,0.225993,0.162162,0.160000
csi_20260916_1334_hardneg_floor.csv,hardneg_floor,8,0,0.973181,0.259310,0.479339,0.227077,0.146794,0.186667
csi_20260916_1334_hardneg_floor.csv,hardneg_floor,9,0,0.881940,0.265918,0.471852,0.226188,0.147338,0.196667
csi_20260916_1334_hardneg_floor.csv,hardneg_floor,10,0,0.867012,0.270923,0.474364,0.228975,0.166256,0.173333
csi_20260916_1334_hardneg_floor.csv,hardneg_floor,11,0,0.965022,0.277242,0.510662,0.236923,0.156792,0.186667
csi_20260916_1334_hardneg_floor.csv,hardneg_floor,12,0,0.915497,0.257115,0.510662,0.233001,0.141533,0.173333
csi_20260916_1334_hardneg_floor.csv,hardneg_floor,13,0,0.972681,0.247841,0.440022,0.218001,0.158363,0.146667
csi_20260916_1334_hardneg_floor.csv,hardneg_floor,14,0,0.978068,0.271933,0.469213,0.231495,0.170064,0.180000
csi_20260916_1334_hardneg_floor.csv,hardneg_floor,15,0,0.969231,0.280000,0.487210,0.249191,0.163146,0.226667
csi_20260916_1334_hardneg_floor.csv,hardneg_floor,16,0,0.926910,0.283290,0.487210,0.249706,0.165331,0.226667
csi_20260916_1334_hardneg_floor.csv,hardneg_floor,17,0,0.777325,0.286369,0.480372,0.244091,0.180226,0.200000
csi_20260916_1334_hardneg_floor.csv,hardneg_floor,18,0,0.913592,0.273921,0.495655,0.233980,0.171389,0.173333
csi_20260916_1334_hardneg_floor.csv,hardneg_floor,19,0,0.944549,0.260641,0.495655,0.221148,0.159868,0.160000
csi_20260916_1334_hardneg_floor.csv,hardneg_floor,20,0,0.970449,0.251389,0.467685,0.215785,0.157550,0.150000
csi_20260916_1334_hardneg_floor.csv,hardneg_floor,21,0,0.954389,0.246455,0.456329,0.218184,0.151066,0.150000
csi_20260916_1334_hardneg_floor.csv,hardneg_floor,22,0,0.969208,0.269033,0.496843,0.222834,0.166040,0.163333
csi_20260916_1334_hardneg_floor.csv,hardneg_floor,23,0,0.978707,0.252619,0.496843,0.226908,0.153501,0.160000
csi_20260916_1334_hardneg_floor.csv,hardneg_floor,24,0,0.984776,0.247235,0.465123,0.229587,0.147343,0.163333
csi_20260916_1334_hardneg_floor.csv,hardneg_floor,25,0,0.931573,0.259746,0.495393,0.224431,0.167188,0.156667
csi_20260916_1334_hardneg_floor.csv,hardneg_floor,26,0,0.926977,0.252531,0.520630,0.222863,0.171149,0.136667
csi_20260916_1334_hardneg_floor.csv,hardneg_floor,27,0,0.962301,0.255844,0.520630,0.231501,0.158698,0.153333
csi_20260916_1334_hardneg_floor.csv,hardneg_floor,28,0,0.973096,0.258008,0.503353,0.229031,0.157895,0.160000
csi_20260916_1334_hardneg_floor.csv,hardneg_floor,29,0,0.912254,0.255629,0.441535,0.220672,0.175596,0.143333
csi_20260916_1334_hardneg_floor.csv,hardneg_floor,30,0,0.958954,0.248111,0.441535,0.220992,0.175000,0.136667
csi_20260916_1334_hardneg_floor.csv,hardneg_floor,31,0,0.978007,0.234396,0.517052,0.221801,0.155514,0.143333
csi_20260916_1334_hardneg_floor.csv,hardneg_floor,32,0,0.984802,0.243029,0.517052,0.226110,0.148410,0.160000
csi_20260916_1334_hardneg_floor.csv,hardneg_floor,33,0,0.987595,0.250612,0.488103,0.223052,0.157593,0.146667
csi_20260916_1334_hardneg_floor.csv,hardneg_floor,34,0,0.961045,0.246431,0.504087,0.224266,0.157525,0.133333
csi_20260916_1334_hardneg_floor.csv,hardneg_floor,35,0,0.969465,0.252086,0.504087,0.231255,0.156454,0.146667
csi_20260916_1334_hardneg_floor.csv,hardneg_floor,36,0,0.925994,0.265102,0.498819,0.232554,0.167964,0.156667
csi_20260916_1335_hardneg_floor.csv,hardneg_floor,0,0,0.967315,0.194961,0.461607,0.194907,0.149735,0.073333
csi_20260916_1335_hardneg_floor.csv,hardneg_floor,1,0,0.977231,0.198917,0.367891,0.187238,0.163081,0.056667
csi_20260916_1335_hardneg_floor.csv,hardneg_floor,2,0,0.966415,0.205026,0.389562,0.187982,0.170605,0.053333
csi_20260916_1335_hardneg_floor.csv,hardneg_floor,3,0,0.970139,0.215260,0.464803,0.206611,0.158245,0.090000
csi_20260916_1335_hardneg_floor.csv,hardneg_floor,4,0,0.979035,0.230373,0.464803,0.211554,0.166616,0.100000
csi_20260916_1335_hardneg_floor.csv,hardneg_floor,5,0,0.986410,0.233257,0.475847,0.203345,0.178921,0.083333
csi_20260916_1335_hardneg_floor.csv,hardneg_floor,6,0,0.983988,0.211803,0.475847,0.200263,0.159314,0.080000
csi_20260916_1335_hardneg_floor.csv,hardneg_floor,7,0,0.980341,0.198479,0.436020,0.194290,0.153719,0.070000
csi_20260916_1335_hardneg_floor.csv,hardneg_floor,8,0,0.984120,0.202284,0.476524,0.199059,0.149965,0.076667
csi_20260916_1335_hardneg_floor.csv,hardneg_floor,9,0,0.963635,0.186793,0.476524,0.190037,0.148699,0.053333
csi_20260916_1335_hardneg_floor.csv,hardneg_floor,10,0,0.991258,0.188755,0.376548,0.181029,0.157912,0.040000
csi_20260916_1335_hardneg_floor.csv,hardneg_floor,11,0,0.990367,0.200325,0.526613,0.189807,0.149014,0.063333
csi_20260916_1335_hardneg_floor.csv,hardneg_floor,12,0,0.943568,0.202671,0.526613,0.198253,0.155276,0.070000
csi_20260916_1335_hardneg_floor.csv,hardneg_floor,13,0,0.986450,0.226410,0.522087,0.214477,0.163524,0.100000
csi_20260916_1335_hardneg_floor.csv,hardneg_floor,14,0,0.945361,0.221139,0.522087,0.222191,0.153107,0.116667
csi_20260916_1335_hardneg_floor.csv,hardneg_floor,15,0,0.970597,0.206869,0.470427,0.213007,0.153285,0.093333
csi_20260916_1335_hardneg_floor.csv,hardneg_floor,16,0,0.972754,0.204582,0.454965,0.203064,0.150459,0.080000
csi_20260916_1335_hardneg_floor.csv,hardneg_floor,17,0,0.922942,0.207084,0.418136,0.199910,0.164686,0.066667
csi_20260916_1335_hardneg_floor.csv,hardneg_floor,18,0,0.549171,0.203939,0.368412,0.197127,0.176722,0.050000
csi_20260916_1335_hardneg_floor.csv,hardneg_floor,19,0,0.967764,0.211638,0.480056,0.201547,0.177668,0.060000
csi_20260916_1335_hardneg_floor.csv,hardneg_floor,20,0,0.976550,0.208728,0.480056,0.203156,0.161464,0.070000
csi_20260916_1335_hardneg_floor.csv,hardneg_floor,21,0,0.906926,0.191791,0.423739,0.191304,0.152893,0.053333
csi_20260916_1335_hardneg_floor.csv,hardneg_floor,22,0,0.976919,0.203063,0.495248,0.196699,0.159767,0.063333
csi_20260916_1335_hardneg_floor.csv,hardneg_floor,23,0,0.979576,0.213066,0.495248,0.204037,0.150965,0.090000
csi_20260916_1335_hardneg_floor.csv,hardneg_floor,24,0,0.968295,0.190606,0.476651,0.193877,0.143707,0.070000
csi_20260916_1335_hardneg_floor.csv,hardneg_floor,25,0,0.781965,0.196443,0.497478,0.191611,0.152688,0.063333
csi_20260916_1335_hardneg_floor.csv,hardneg_floor,26,0,0.705662,0.199844,0.497478,0.190368,0.161966,0.056667
csi_20260916_1335_hardneg_floor.csv,hardneg_floor,27,0,0.973575,0.184619,0.405561,0.177857,0.169167,0.026667
csi_20260916_1335_hardneg_floor.csv,hardneg_floor,28,0,0.890431,0.205441,0.497453,0.197640,0.161760,0.066667
csi_20260916_1335_hardneg_floor.csv,hardneg_floor,29,0,0.898091,0.217681,0.497453,0.210329,0.156365,0.096667
csi_20260916_1335_hardneg_floor.csv,hardneg_floor,30,0,0.965531,0.206992,0.472086,0.196555,0.166063,0.066667
csi_20260916_1335_hardneg_floor.csv,hardneg_floor,31,0,0.980388,0.191721,0.381203,0.188215,0.157799,0.050000
csi_20260916_1335_hardneg_floor.csv,hardneg_floor,32,0,0.987478,0.185788,0.358188,0.186666,0.143529,0.060000
csi_20260916_1335_hardneg_floor.csv,hardneg_floor,33,0,0.981813,0.199239,0.469545,0.192432,0.154213,0.076667
csi_20260916_1335_hardneg_floor.csv,hardneg_floor,34,0,0.885945,0.202843,0.469545,0.192688,0.164633,0.066667
csi_20260916_1335_hardneg_floor.csv,hardneg_floor,35,0,0.918786,0.191342,0.498818,0.191242,0.144787,0.066667
csi_20260916_1335_hardneg_floor.csv,hardneg_floor,36,0,0.902138,0.205786,0.498818,0.197284,0.149370,0.083333
csi_20260916_1335_hardneg_floor.csv,hardneg_floor,37,0,0.966048,0.198255,0.460896,0.183804,0.168358,0.046667
csi_20260916_1335_hardneg_floor.csv,hardneg_floor,38,0,0.954746,0.190822,0.442871,0.184176,0.173090,0.040000
csi_20260916_1335_hardneg_floor.csv,hardneg_floor,39,0,0.955420,0.207031,0.489017,0.201462,0.163351,0.083333
csi_20260916_1335_hardneg_floor.csv,hardneg_floor,40,0,0.975158,0.202735,0.489017,0.199726,0.144211,0.090000
csi_20260916_1335_hardneg_floor.csv,hardneg_floor,41,0,0.980546,0.177878,0.351269,0.184108,0.137148,0.060000
csi_20260916_1335_hardneg_floor.csv,hardneg_floor,42,0,0.986139,0.171377,0.412043,0.180618,0.138008,0.050000
csi_20260916_1335_hardneg_floor.csv,hardneg_floor,43,0,0.974063,0.182609,0.449385,0.185308,0.139596,0.063333
csi_20260916_1335_hardneg_floor.csv,hardneg_floor,44,0,0.979011,0.202236,0.462860,0.193058,0.159135,0.070000
csi_20260916_1335_hardneg_floor.csv,hardneg_floor,45,0,0.967196,0.212042,0.462860,0.197287,0.167609,0.076667
csi_20260916_1335_hardneg_floor.csv,hardneg_floor,46,0,0.973558,0.198096,0.436063,0.189260,0.160578,0.060000
csi_20260916_1335_hardneg_floor.csv,hardneg_floor,47,0,0.982175,0.179829,0.404704,0.184309,0.154479,0.040000
csi_20260916_1335_hardneg_floor.csv,hardneg_floor,48,0,0.952722,0.190286,0.458572,0.187527,0.161196,0.043333
csi_20260916_1335_hardneg_floor.csv,hardneg_floor,49,0,0.977033,0.218990,0.474579,0.202173,0.170375,0.076667
csi_20260916_1335_hardneg_floor.csv,hardneg_floor,50,0,0.977784,0.204719,0.474579,0.198792,0.156701,0.080000
csi_20260916_1335_hardneg_floor.csv,hardneg_floor,51,0,0.991196,0.181402,0.453976,0.191531,0.133238,0.073333
csi_20260916_1335_hardneg_floor.csv,hardneg_floor,52,0,0.953154,0.193939,0.453976,0.189760,0.136005,0.086667
csi_20260916_1335_hardneg_floor.csv,hardneg_floor,53,0,0.986427,0.184293,0.482065,0.188611,0.143753,0.063333
csi_20260916_1335_hardneg_floor.csv,hardneg_floor,54,0,0.977848,0.188498,0.542909,0.191915,0.145497,0.063333
csi_20260916_1335_hardneg_floor.csv,hardneg_floor,55,0,0.974896,0.180546,0.542909,0.186951,0.148364,0.046667
csi_20260916_1335_hardneg_floor.csv,hardneg_floor,56,0,0.980914,0.177187,0.492446,0.186132,0.155361,0.033333
csi_20260916_1335_hardneg_floor.csv,hardneg_floor,57,0,0.981556,0.186412,0.492446,0.188718,0.160301,0.046667
csi_20260916_1335_hardneg_floor.csv,hardneg_floor,58,0,0.918715,0.186494,0.450148,0.197550,0.150735,0.070000
csi_20260916_1335_hardneg_floor.csv,hardneg_floor,59,0,0.960210,0.207079,0.450148,0.208456,0.148192,0.103333
csi_20260916_1335_hardneg_floor.csv,hardneg_floor,60,0,0.978470,0.209705,0.433055,0.201620,0.158515,0.086667
csi_20260916_1335_hardneg_floor.csv,hardneg_floor,61,0,0.977342,0.189828,0.384683,0.190903,0.156527,0.053333
csi_20260916_1335_hardneg_floor.csv,hardneg_floor,62,0,0.978015,0.172989,0.449137,0.187656,0.144337,0.043333
csi_20260916_1335_hardneg_floor.csv,hardneg_floor,63,0,0.971304,0.192311,0.449137,0.190837,0.160335,0.050000
csi_20260916_1335_hardneg_floor.csv,hardneg_floor,64,0,0.969346,0.225045,0.470400,0.215814,0.169890,0.110000
csi_20260916_1335_hardneg_floor.csv,hardneg_floor,65,0,0.969673,0.233570,0.470400,0.223512,0.169100,0.126667
csi_20260916_1335_hardneg_floor.csv,hardneg_floor,66,0,0.968666,0.214020,0.453194,0.209563,0.160541,0.090000
csi_20260916_1335_hardneg_floor.csv,hardneg_floor,67,0,0.978820,0.205014,0.453194,0.210286,0.151872,0.093333
csi_20260916_1335_hardneg_floor.csv,hardneg_floor,68,0,0.973810,0.197330,0.409021,0.199096,0.162410,0.066667
csi_20260916_1335_hardneg_floor.csv,hardneg_floor,69,0,0.985139,0.199900,0.483414,0.195568,0.156735,0.073333
csi_20260916_1335_hardneg_floor.csv,hardneg_floor,70,0,0.970540,0.194154,0.483414,0.201716,0.146395,0.076667
csi_20260916_1335_hardneg_floor.csv,hardneg_floor,71,0,0.976321,0.181379,0.360061,0.190493,0.152778,0.043333
csi_20260916_1335_hardneg_floor.csv,hardneg_floor,72,0,0.980210,0.177216,0.370759,0.188948,0.155566,0.033333
csi_20260916_1335_hardneg_floor.csv,hardneg_floor,73,0,0.974813,0.178148,0.370759,0.194437,0.152833,0.053333
csi_20260916_1335_hardneg_floor.csv,hardneg_floor,74,0,0.935788,0.202187,0.455654,0.204307,0.146874,0.103333
csi_20260916_1335_hardneg_floor.csv,hardneg_floor,75,0,0.891371,0.194015,0.455654,0.202138,0.148593,0.076667
csi_20260916_1335_hardneg_floor.csv,hardneg_floor,76,0,0.956290,0.169774,0.416372,0.185172,0.145046,0.036667
csi_20260916_1335_hardneg_floor.csv,hardneg_floor,77,0,0.888050,0.190287,0.442890,0.186488,0.150716,0.056667
csi_20260916_1335_hardneg_floor.csv,hardneg_floor,78,0,0.916210,0.199583,0.442890,0.187270,0.159818,0.060000
csi_20260916_1336_hardneg_liedown.csv,hardneg_liedown,0,0,0.499162,0.225552,0.491824,0.201220,0.157525,0.110000
csi_20260916_1336_hardneg_liedown.csv,hardneg_liedown,1,0,0.680219,0.220502,0.491824,0.201548,0.153016,0.106667
csi_20260916_1336_hardneg_liedown.csv,hardneg_liedown,2,0,0.128260,0.218000,0.440442,0.198365,0.155132,0.096667
csi_20260916_1336_hardneg_liedown.csv,hardneg_liedown,3,0,0.176646,0.221202,0.427103,0.191962,0.167608,0.080000
csi_20260916_1336_hardneg_liedown.csv,hardneg_liedown,4,0,0.081433,0.229962,0.430492,0.199657,0.168360,0.096667
csi_20260916_1336_hardneg_liedown.csv,hardneg_liedown,5,0,0.272461,0.237720,0.433582,0.205295,0.166824,0.120000
csi_20260916_1336_hardneg_liedown.csv,hardneg_liedown,6,0,0.775152,0.255508,0.501806,0.224297,0.172002,0.160000
csi_20260916_1336_hardneg_liedown.csv,hardneg_liedown,7,0,0.264645,0.236372,0.501806,0.218188,0.164462,0.136667
csi_20260916_1336_hardneg_liedown.csv,hardneg_liedown,8,0,0.066897,0.208635,0.366210,0.189084,0.150117,0.090000
csi_20260916_1336_hardneg_liedown.csv,hardneg_liedown,9,0,0.412260,0.217815,0.384905,0.192874,0.152554,0.100000
csi_20260916_1336_hardneg_liedown.csv,hardneg_liedown,10,0,0.939632,0.219863,0.384905,0.195773,0.163238,0.096667
csi_20260916_1336_hardneg_liedown.csv,hardneg_liedown,11,0,0.763429,0.233397,0.505302,0.210953,0.152458,0.126667
csi_20260916_1336_hardneg_liedown.csv,hardneg_liedown,12,0,0.517020,0.240915,0.505302,0.217695,0.148552,0.140000
csi_20260916_1336_hardneg_liedown.csv,hardneg_liedown,13,0,0.111511,0.225532,0.419454,0.207583,0.154956,0.113333
csi_20260916_1336_hardneg_liedown.csv,hardneg_liedown,14,0,0.130382,0.224293,0.417154,0.202376,0.150625,0.113333
csi_20260916_1336_hardneg_liedown.csv,hardneg_liedown,15,0,0.088458,0.239604,0.419128,0.210204,0.159382,0.130000
csi_20260916_1336_hardneg_liedown.csv,hardneg_liedown,16,0,0.104881,0.240586,0.513554,0.216796,0.163238,0.136667
csi_20260916_1336_hardneg_liedown.csv,hardneg_liedown,17,0,0.529778,0.228933,0.513554,0.215383,0.153834,0.130000
csi_20260916_1336_hardneg_liedown.csv,hardneg_liedown,18,0,0.307535,0.218964,0.484215,0.204305,0.151079,0.110000
csi_20260916_1336_hardneg_liedown.csv,hardneg_liedown,19,0,0.060751,0.208327,0.409393,0.197858,0.150414,0.093333
csi_20260916_1336_hardneg_liedown.csv,hardneg_liedown,20,0,0.127455,0.203676,0.409393,0.193147,0.151185,0.083333
csi_20260916_1336_hardneg_liedown.csv,hardneg_liedown,21,0,0.206034,0.237845,0.512021,0.216747,0.149494,0.136667
csi_20260916_1336_hardneg_liedown.csv,hardneg_liedown,22,0,0.237198,0.243210,0.512021,0.223672,0.142214,0.153333
csi_20260916_1336_hardneg_liedown.csv,hardneg_liedown,23,0,0.156761,0.205507,0.467206,0.200691,0.145042,0.093333
csi_20260916_1336_hardneg_liedown.csv,hardneg_liedown,24,0,0.346614,0.212369,0.434115,0.194592,0.154397,0.090000
csi_20260916_1336_hardneg_liedown.csv,hardneg_liedown,25,0,0.083724,0.226394,0.434115,0.201297,0.154779,0.110000
csi_20260916_1336_hardneg_liedown.csv,hardneg_liedown,26,0,0.943252,0.239588,0.481633,0.215851,0.151080,0.136667
csi_20260916_1336_hardneg_liedown.csv,hardneg_liedown,27,0,0.842285,0.245479,0.481633,0.219152,0.155615,0.143333
csi_20260916_1336_hardneg_liedown.csv,hardneg_liedown,28,0,0.176138,0.241031,0.443303,0.214197,0.158835,0.133333
csi_20260916_1336_hardneg_liedown.csv,hardneg_liedown,29,0,0.657476,0.241244,0.433017,0.216050,0.151579,0.140000
csi_20260916_1336_hardneg_liedown.csv,hardneg_liedown,30,0,0.429346,0.228048,0.428331,0.208822,0.148165,0.120000
csi_20260916_1336_hardneg_liedown.csv,hardneg_liedown,31,0,0.551620,0.227860,0.516006,0.207954,0.151060,0.116667
csi_20260916_1336_hardneg_liedown.csv,hardneg_liedown,32,0,0.083504,0.240800,0.516006,0.214198,0.153016,0.136667
csi_20260916_1336_hardneg_liedown.csv,hardneg_liedown,33,0,0.140231,0.249883,0.427287,0.213405,0.168206,0.133333
csi_20260916_1336_hardneg_liedown.csv,hardneg_liedown,34,0,0.050082,0.248773,0.463204,0.213864,0.163020,0.136667
csi_20260916_1336_hardneg_liedown.csv,hardneg_liedown,35,0,0.052477,0.220374,0.463204,0.201380,0.149746,0.110000
csi_20260916_1336_hardneg_liedown.csv,hardneg_liedown,36,0,0.125533,0.215021,0.494990,0.204341,0.144271,0.116667
csi_20260916_1336_hardneg_liedown.csv,hardneg_liedown,37,0,0.447295,0.233865,0.520663,0.216881,0.141194,0.140000
csi_20260916_1336_hardneg_liedown.csv,hardneg_liedown,38,0,0.067660,0.242818,0.520663,0.214937,0.154165,0.133333
csi_20260916_1336_hardneg_liedown.csv,hardneg_liedown,39,0,0.063284,0.234391,0.507145,0.209270,0.149448,0.126667
csi_20260916_1336_hardneg_liedown.csv,hardneg_liedown,40,0,0.396310,0.205522,0.424401,0.203126,0.130161,0.113333
csi_20260916_1336_hardneg_liedown.csv,hardneg_liedown,41,0,0.487339,0.211024,0.505714,0.211847,0.126216,0.130000
csi_20260916_1336_hardneg_liedown.csv,hardneg_liedown,42,0,0.510610,0.237032,0.506640,0.219409,0.136579,0.150000
csi_20260916_1336_hardneg_liedown.csv,hardneg_liedown,43,0,0.203271,0.243934,0.444623,0.217959,0.151749,0.143333
csi_20260916_1336_hardneg_liedown.csv,hardneg_liedown,44,0,0.032876,0.232938,0.420014,0.208014,0.155436,0.126667
csi_20260916_1336_hardneg_liedown.csv,hardneg_liedown,45,0,0.127267,0.222775,0.395033,0.200025,0.151912,0.113333
csi_20260916_1336_hardneg_liedown.csv,hardneg_liedown,46,0,0.110082,0.232390,0.440452,0.208947,0.155263,0.123333
csi_20260916_1336_hardneg_liedown.csv,hardneg_liedown,47,0,0.066839,0.239303,0.440452,0.220274,0.145413,0.146667
csi_20260916_1336_hardneg_liedown.csv,hardneg_liedown,48,0,0.030600,0.251844,0.514845,0.225929,0.139817,0.173333
csi_20260916_1336_hardneg_liedown.csv,hardneg_liedown,49,0,0.037174,0.253116,0.514845,0.217075,0.154083,0.156667
csi_20260916_1336_hardneg_liedown.csv,hardneg_liedown,50,0,0.038971,0.235018,0.429227,0.205928,0.150627,0.133333
csi_20260916_1336_hardneg_liedown.csv,hardneg_liedown,51,0,0.041137,0.246533,0.461989,0.216328,0.147703,0.156667
csi_20260916_1336_hardneg_liedown.csv,hardneg_liedown,52,0,0.287993,0.239131,0.464457,0.217758,0.147361,0.143333
csi_20260916_1336_hardneg_liedown.csv,hardneg_liedown,53,0,0.106826,0.230033,0.494412,0.215689,0.145120,0.133333
csi_20260916_1336_hardneg_liedown.csv,hardneg_liedown,54,0,0.042434,0.244114,0.494412,0.216852,0.145078,0.153333
csi_20260916_1336_hardneg_liedown.csv,hardneg_liedown,55,0,0.033410,0.246278,0.431402,0.214734,0.158192,0.140000
csi_20260916_1336_hardneg_liedown.csv,hardneg_liedown,56,0,0.058475,0.229965,0.431402,0.204485,0.156480,0.116667
csi_20260916_1336_hardneg_liedown.csv,hardneg_liedown,57,0,0.206629,0.251067,0.512596,0.228862,0.143520,0.173333
csi_20260916_1336_hardneg_liedown.csv,hardneg_liedown,58,0,0.124089,0.272003,0.512596,0.232809,0.161840,0.186667
csi_20260916_1336_hardneg_liedown.csv,hardneg_liedown,59,0,0.097570,0.251932,0.423203,0.213006,0.171305,0.133333
csi_20260916_1336_hardneg_liedown.csv,hardneg_liedown,60,0,0.055763,0.231874,0.426345,0.209525,0.147708,0.130000
csi_20260916_1336_hardneg_liedown.csv,hardneg_liedown,61,0,0.096760,0.229989,0.426345,0.212563,0.136511,0.136667
csi_20260916_1336_hardneg_liedown.csv,hardneg_liedown,62,0,0.500963,0.239171,0.502867,0.222298,0.141207,0.150000
csi_20260916_1336_hardneg_liedown.csv,hardneg_liedown,63,0,0.363533,0.248427,0.502867,0.223588,0.146324,0.153333
csi_20260916_1336_hardneg_liedown.csv,hardneg_liedown,64,0,0.043720,0.257147,0.441851,0.216758,0.155344,0.156667
csi_20260916_1336_hardneg_liedown.csv,hardneg_liedown,65,0,0.209020,0.238404,0.441851,0.209628,0.150211,0.133333
csi_20260916_1336_hardneg_liedown.csv,hardneg_liedown,66,0,0.041751,0.228702,0.506528,0.212167,0.143805,0.130000
csi_20260916_1336_hardneg_liedown.csv,hardneg_liedown,67,0,0.079186,0.259656,0.507192,0.236687,0.132690,0.196667
csi_20260916_1336_hardneg_liedown.csv,hardneg_liedown,68,0,0.046302,0.263193,0.513572,0.239426,0.126839,0.210000
csi_20260916_1336_hardneg_liedown.csv,hardneg_liedown,69,0,0.031083,0.252657,0.513572,0.221046,0.144245,0.163333
csi_20260916_1336_hardneg_liedown.csv,hardneg_liedown,70,0,0.028786,0.251338,0.425863,0.215476,0.158268,0.143333
csi_20260916_1336_hardneg_liedown.csv,hardneg_liedown,71,0,0.243364,0.251048,0.481122,0.222563,0.148721,0.156667
csi_20260916_1336_hardneg_liedown.csv,hardneg_liedown,72,0,0.153097,0.251335,0.503608,0.227549,0.145506,0.166667
csi_20260916_1336_hardneg_liedown.csv,hardneg_liedown,73,0,0.053047,0.268119,0.503608,0.228068,0.158682,0.176667
csi_20260916_1336_hardneg_liedown.csv,hardneg_liedown,74,0,0.227605,0.260303,0.512684,0.225186,0.157296,0.173333
csi_20260916_1336_hardneg_liedown.csv,hardneg_liedown,75,0,0.156219,0.252781,0.512684,0.221724,0.152611,0.163333
csi_20260916_1336_hardneg_liedown.csv,hardneg_liedown,76,0,0.041238,0.257672,0.476206,0.221403,0.142309,0.176667
csi_20260916_1336_hardneg_liedown.csv,hardneg_liedown,77,0,0.054824,0.260736,0.516241,0.230002,0.139883,0.183333
csi_20260916_1336_hardneg_liedown.csv,hardneg_liedown,78,0,0.055103,0.259625,0.516241,0.228518,0.145162,0.176667
csi_20260916_1336_hardneg_liedown.csv,hardneg_liedown,79,0,0.135999,0.255719,0.474345,0.225997,0.143192,0.176667
csi_20260916_1336_hardneg_liedown.csv,hardneg_liedown,80,0,0.039770,0.259588,0.436997,0.224715,0.150024,0.173333
csi_20260916_1336_hardneg_liedown.csv,hardneg_liedown,81,0,0.049874,0.261133,0.509799,0.226269,0.141687,0.183333
csi_20260916_1336_hardneg_liedown.csv,hardneg_liedown,82,0,0.058176,0.264093,0.509799,0.229768,0.140964,0.186667
csi_20260916_1336_hardneg_liedown.csv,hardneg_liedown,83,0,0.065694,0.262861,0.502140,0.225897,0.157520,0.170000
csi_20260916_1336_hardneg_liedown.csv,hardneg_liedown,84,0,0.086907,0.254433,0.475766,0.220670,0.159445,0.153333
csi_20260916_1336_hardneg_liedown.csv,hardneg_liedown,85,0,0.044159,0.260042,0.456348,0.220859,0.160919,0.156667
csi_20260916_1336_hardneg_liedown.csv,hardneg_liedown,86,0,0.049421,0.261308,0.442986,0.214845,0.164934,0.153333
csi_20260916_1336_hardneg_liedown.csv,hardneg_liedown,87,0,0.122898,0.258546,0.497645,0.221167,0.158132,0.156667
csi_20260916_1336_hardneg_liedown.csv,hardneg_liedown,88,0,0.080220,0.258837,0.497645,0.227446,0.143893,0.176667
csi_20260916_1337_hardneg_liedown.csv,hardneg_liedown,0,0,0.985128,0.170866,0.428169,0.166382,0.154446,0.026667
csi_20260916_1337_hardneg_liedown.csv,hardneg_liedown,1,0,0.982605,0.164460,0.341472,0.170379,0.137743,0.043333
csi_20260916_1337_hardneg_liedown.csv,hardneg_liedown,2,0,0.980827,0.176912,0.407108,0.183917,0.133668,0.070000
csi_20260916_1337_hardneg_liedown.csv,hardneg_liedown,3,0,0.983591,0.177634,0.407108,0.181725,0.139238,0.060000
csi_20260916_1337_hardneg_liedown.csv,hardneg_liedown,4,0,0.972752,0.156100,0.390996,0.167546,0.138401,0.033333
csi_20260916_1337_hardneg_liedown.csv,hardneg_liedown,5,0,0.978583,0.156397,0.326897,0.156728,0.150363,0.013333
csi_20260916_1337_hardneg_liedown.csv,hardneg_liedown,6,0,0.964772,0.153611,0.327096,0.155298,0.147612,0.010000
csi_20260916_1337_hardneg_liedown.csv,hardneg_liedown,7,0,0.976992,0.162602,0.471751,0.173616,0.135576,0.040000
csi_20260916_1337_hardneg_liedown.csv,hardneg_liedown,8,0,0.975524,0.172161,0.471751,0.173908,0.148193,0.040000
csi_20260916_1337_hardneg_liedown.csv,hardneg_liedown,9,0,0.979887,0.165030,0.421114,0.165758,0.149771,0.026667
csi_20260916_1337_hardneg_liedown.csv,hardneg_liedown,10,0,0.976094,0.158267,0.288575,0.161795,0.142090,0.023333
csi_20260916_1337_hardneg_liedown.csv,hardneg_liedown,11,0,0.966918,0.156621,0.333217,0.156511,0.148274,0.013333
csi_20260916_1337_hardneg_liedown.csv,hardneg_liedown,12,0,0.981596,0.180742,0.426506,0.175127,0.152941,0.043333
csi_20260916_1337_hardneg_liedown.csv,hardneg_liedown,13,0,0.973995,0.179018,0.426506,0.176579,0.148266,0.046667
csi_20260916_1337_hardneg_liedown.csv,hardneg_liedown,14,0,0.972881,0.175429,0.345102,0.164461,0.160631,0.023333
csi_20260916_1337_hardneg_liedown.csv,hardneg_liedown,15,0,0.966017,0.167819,0.329947,0.161620,0.154961,0.023333
csi_20260916_1337_hardneg_liedown.csv,hardneg_liedown,16,0,0.981193,0.160852,0.419686,0.164165,0.145525,0.026667
csi_20260916_1337_hardneg_liedown.csv,hardneg_liedown,17,0,0.979981,0.180362,0.419686,0.184463,0.146477,0.050000
csi_20260916_1337_hardneg_liedown.csv,hardneg_liedown,18,0,0.957513,0.187920,0.436016,0.189266,0.152481,0.053333
csi_20260916_1337_hardneg_liedown.csv,hardneg_liedown,19,0,0.934691,0.188095,0.436016,0.185135,0.161491,0.043333
csi_20260916_1337_hardneg_liedown.csv,hardneg_liedown,20,0,0.912858,0.173967,0.422908,0.176957,0.157344,0.030000
csi_20260916_1337_hardneg_liedown.csv,hardneg_liedown,21,0,0.352178,0.164552,0.312420,0.163555,0.158439,0.010000
csi_20260916_1337_hardneg_liedown.csv,hardneg_liedown,22,0,0.871562,0.175242,0.374543,0.178012,0.157494,0.026667
csi_20260916_1337_hardneg_liedown.csv,hardneg_liedown,23,0,0.966520,0.184698,0.384243,0.185076,0.159796,0.036667
csi_20260916_1337_hardneg_liedown.csv,hardneg_liedown,24,0,0.956675,0.171284,0.384243,0.173431,0.157461,0.020000
csi_20260916_1337_hardneg_liedown.csv,hardneg_liedown,25,0,0.798997,0.163840,0.381529,0.174352,0.147707,0.023333
csi_20260916_1337_hardneg_liedown.csv,hardneg_liedown,26,0,0.927234,0.175199,0.385764,0.177683,0.154024,0.030000
csi_20260916_1337_hardneg_liedown.csv,hardneg_liedown,27,0,0.938571,0.174157,0.385764,0.174044,0.154285,0.026667
csi_20260916_1337_hardneg_liedown.csv,hardneg_liedown,28,0,0.960549,0.166530,0.401256,0.173316,0.148720,0.023333
csi_20260916_1337_hardneg_liedown.csv,hardneg_liedown,29,0,0.968900,0.175026,0.501334,0.182090,0.153241,0.033333
csi_20260916_1337_hardneg_liedown.csv,hardneg_liedown,30,0,0.939401,0.171066,0.501334,0.184447,0.145288,0.040000
csi_20260916_1337_hardneg_liedown.csv,hardneg_liedown,31,0,0.830309,0.176589,0.486808,0.180821,0.156444,0.033333
csi_20260916_1337_hardneg_liedown.csv,hardneg_liedown,32,0,0.907338,0.185189,0.486808,0.189317,0.154529,0.046667
csi_20260916_1337_hardneg_liedown.csv,hardneg_liedown,33,0,0.534102,0.174137,0.392340,0.188150,0.142794,0.046667
csi_20260916_1337_hardneg_liedown.csv,hardneg_liedown,34,0,0.551962,0.154383,0.345647,0.173001,0.140117,0.023333
csi_20260916_1337_hardneg_liedown.csv,hardneg_liedown,35,0,0.814862,0.158632,0.384314,0.171221,0.139176,0.030000
csi_20260916_1337_hardneg_liedown.csv,hardneg_liedown,36,0,0.926792,0.181423,0.384314,0.173071,0.160474,0.033333
csi_20260916_1337_hardneg_liedown.csv,hardneg_liedown,37,0,0.460106,0.187954,0.379988,0.172412,0.174278,0.023333
csi_20260916_1337_hardneg_liedown.csv,hardneg_liedown,38,0,0.869875,0.193998,0.388589,0.191142,0.161923,0.050000
csi_20260916_1337_hardneg_liedown.csv,hardneg_liedown,39,0,0.939578,0.181341,0.399578,0.193156,0.143939,0.053333
csi_20260916_1337_hardneg_liedown.csv,hardneg_liedown,40,0,0.628168,0.164699,0.399578,0.183885,0.139027,0.040000
csi_20260916_1337_hardneg_liedown.csv,hardneg_liedown,41,0,0.164054,0.184951,0.395985,0.189008,0.152065,0.053333
csi_20260916_1337_hardneg_liedown.csv,hardneg_liedown,42,0,0.544158,0.204295,0.418729,0.195887,0.159886,0.070000
csi_20260916_1337_hardneg_liedown.csv,hardneg_liedown,43,0,0.212690,0.198413,0.432254,0.203399,0.146560,0.080000
csi_20260916_1337_hardneg_liedown.csv,hardneg_liedown,44,0,0.101570,0.199279,0.470302,0.205623,0.146690,0.086667
csi_20260916_1337_hardneg_liedown.csv,hardneg_liedown,45,0,0.146930,0.205167,0.421372,0.200489,0.157215,0.086667
csi_20260916_1337_hardneg_liedown.csv,hardneg_liedown,46,0,0.398624,0.200356,0.399635,0.186298,0.166201,0.060000
csi_20260916_1337_hardneg_liedown.csv,hardneg_liedown,47,0,0.132481,0.191352,0.347166,0.182254,0.158096,0.060000
csi_20260916_1337_hardneg_liedown.csv,hardneg_liedown,48,0,0.143682,0.193180,0.454365,0.193798,0.148070,0.073333
csi_20260916_1337_hardneg_liedown.csv,hardneg_liedown,49,0,0.948250,0.205195,0.454365,0.198299,0.157125,0.073333
csi_20260916_1337_hardneg_liedown.csv,hardneg_liedown,50,0,0.313098,0.208337,0.412303,0.193082,0.162283,0.080000
csi_20260916_1337_hardneg_liedown.csv,hardneg_liedown,51,0,0.417055,0.216318,0.353728,0.192537,0.153202,0.106667
csi_20260916_1337_hardneg_liedown.csv,hardneg_liedown,52,0,0.159637,0.218190,0.347174,0.189990,0.154618,0.106667
csi_20260916_1337_hardneg_liedown.csv,hardneg_liedown,53,0,0.772094,0.204617,0.490720,0.194440,0.155330,0.083333
csi_20260916_1337_hardneg_liedown.csv,hardneg_liedown,54,0,0.807448,0.188370,0.490720,0.195387,0.139962,0.080000
csi_20260916_1337_hardneg_liedown.csv,hardneg_liedown,55,0,0.134843,0.186321,0.396243,0.179502,0.144479,0.076667
csi_20260916_1337_hardneg_liedown.csv,hardneg_liedown,56,0,0.631244,0.193733,0.502267,0.188343,0.146215,0.083333
csi_20260916_1337_hardneg_liedown.csv,hardneg_liedown,57,0,0.645560,0.214464,0.502267,0.200524,0.149244,0.103333
csi_20260916_1337_hardneg_liedown.csv,hardneg_liedown,58,0,0.261805,0.215142,0.489051,0.206029,0.144072,0.110000
csi_20260916_1337_hardneg_liedown.csv,hardneg_liedown,59,0,0.109345,0.205816,0.489051,0.207318,0.131163,0.116667
csi_20260916_1337_hardneg_liedown.csv,hardneg_liedown,60,0,0.103434,0.215490,0.485457,0.204116,0.139474,0.130000
csi_20260916_1337_hardneg_liedown.csv,hardneg_liedown,61,0,0.530458,0.220210,0.456310,0.195041,0.143599,0.126667
csi_20260916_1337_hardneg_liedown.csv,hardneg_liedown,62,0,0.094202,0.218190,0.425286,0.188458,0.145809,0.120000
csi_20260916_1337_hardneg_liedown.csv,hardneg_liedown,63,0,0.072198,0.215194,0.425286,0.197225,0.149379,0.113333
csi_20260916_1337_hardneg_liedown.csv,hardneg_liedown,64,0,0.068759,0.213850,0.394075,0.197206,0.148480,0.110000
csi_20260916_1337_hardneg_liedown.csv,hardneg_liedown,65,0,0.273500,0.220077,0.353728,0.192581,0.144898,0.116667
csi_20260916_1337_hardneg_liedown.csv,hardneg_liedown,66,0,0.230049,0.212084,0.378249,0.190502,0.142719,0.110000
csi_20260916_1337_hardneg_liedown.csv,hardneg_liedown,67,0,0.095193,0.209295,0.378249,0.186792,0.151601,0.100000
csi_20260916_1337_hardneg_liedown.csv,hardneg_liedown,68,0,0.536796,0.223661,0.470069,0.208738,0.150469,0.130000
csi_20260916_1337_hardneg_liedown.csv,hardneg_liedown,69,0,0.722668,0.214016,0.470069,0.207157,0.147287,0.113333
csi_20260916_1337_hardneg_liedown.csv,hardneg_liedown,70,0,0.242002,0.203008,0.399438,0.194202,0.151090,0.086667
csi_20260916_1337_hardneg_liedown.csv,hardneg_liedown,71,0,0.121047,0.221924,0.399438,0.195650,0.160983,0.106667
csi_20260916_1337_hardneg_liedown.csv,hardneg_liedown,72,0,0.102166,0.215901,0.360649,0.188617,0.154079,0.106667
csi_20260916_1337_hardneg_liedown.csv,hardneg_liedown,73,0,0.197963,0.205673,0.457011,0.196592,0.135110,0.113333
csi_20260916_1337_hardneg_liedown.csv,hardneg_liedown,74,0,0.062464,0.209761,0.457011,0.197983,0.138109,0.113333
csi_20260916_1337_hardneg_liedown.csv,hardneg_liedown,75,0,0.190727,0.222437,0.357833,0.189495,0.155603,0.110000
csi_20260916_1337_hardneg_liedown.csv,hardneg_liedown,76,0,0.364719,0.220951,0.397892,0.191907,0.158890,0.103333
csi_20260916_1337_hardneg_liedown.csv,hardneg_liedown,77,0,0.247512,0.200538,0.397892,0.194088,0.135513,0.100000
csi_20260916_1350_normal_active.csv,normal_active,0,0,0.091925,0.217951,0.473154,0.199213,0.160017,0.100000
csi_20260916_1350_normal_active.csv,normal_active,1,0,0.055402,0.206663,0.366096,0.187778,0.166809,0.073333
csi_20260916_1350_normal_active.csv,normal_active,2,0,0.070829,0.211946,0.393024,0.190464,0.168815,0.080000
csi_20260916_1350_normal_active.csv,normal_active,3,0,0.069280,0.226165,0.393024,0.203167,0.162888,0.116667
csi_20260916_1350_normal_active.csv,normal_active,4,0,0.034220,0.234150,0.467177,0.214901,0.144894,0.153333
csi_20260916_1350_normal_active.csv,normal_active,5,0,0.049964,0.205585,0.467177,0.202967,0.140068,0.106667
csi_20260916_1350_normal_active.csv,normal_active,6,0,0.027387,0.191251,0.389164,0.185085,0.154846,0.063333
csi_20260916_1350_normal_active.csv,normal_active,7,0,0.049842,0.211529,0.384469,0.190413,0.167991,0.080000
csi_20260916_1350_normal_active.csv,normal_active,8,0,0.068299,0.223552,0.384469,0.194341,0.173542,0.096667
csi_20260916_1350_normal_active.csv,normal_active,9,0,0.088317,0.225615,0.469095,0.207698,0.161816,0.120000
csi_20260916_1350_normal_active.csv,normal_active,10,0,0.055549,0.227353,0.476846,0.212127,0.153253,0.133333
csi_20260916_1350_normal_active.csv,normal_active,11,0,0.079696,0.221591,0.476846,0.200184,0.159704,0.110000
csi_20260916_1350_normal_active.csv,normal_active,12,0,0.065612,0.225601,0.460624,0.195219,0.175137,0.096667
csi_20260916_1350_normal_active.csv,normal_active,13,0,0.169413,0.233800,0.392707,0.198812,0.173157,0.116667
csi_20260916_1350_normal_active.csv,normal_active,14,0,0.046660,0.220042,0.446064,0.202279,0.156402,0.113333
csi_20260916_1350_normal_active.csv,normal_active,15,0,0.119626,0.207447,0.458359,0.200080,0.151878,0.096667
csi_20260916_1350_normal_active.csv,normal_active,16,0,0.097720,0.224119,0.458359,0.196447,0.172971,0.096667
csi_20260916_1350_normal_active.csv,normal_active,17,0,0.041937,0.233186,0.401041,0.196418,0.180516,0.103333
csi_20260916_1350_normal_active.csv,normal_active,18,0,0.060083,0.221758,0.405991,0.198574,0.170122,0.100000
csi_20260916_1350_normal_active.csv,normal_active,19,0,0.030856,0.228723,0.462448,0.203952,0.167202,0.113333
csi_20260916_1350_normal_active.csv,normal_active,20,0,0.039594,0.235508,0.462448,0.204768,0.170447,0.120000
csi_20260916_1350_normal_active.csv,normal_active,21,0,0.043973,0.223933,0.460843,0.196122,0.172526,0.096667
csi_20260916_1350_normal_active.csv,normal_active,22,0,0.078200,0.204213,0.385096,0.188681,0.159962,0.080000
csi_20260916_1350_normal_active.csv,normal_active,23,0,0.031987,0.217382,0.379779,0.194194,0.164560,0.100000
csi_20260916_1350_normal_active.csv,normal_active,24,0,0.044065,0.245940,0.451573,0.213211,0.172843,0.143333
csi_20260916_1350_normal_active.csv,normal_active,25,0,0.071547,0.243084,0.451573,0.212715,0.170013,0.140000
csi_20260916_1350_normal_active.csv,normal_active,26,0,0.043896,0.221268,0.378953,0.198600,0.165881,0.106667
csi_20260916_1350_normal_active.csv,normal_active,27,0,0.106643,0.217175,0.395974,0.193680,0.165810,0.096667
csi_20260916_1350_normal_active.csv,normal_active,28,0,0.105448,0.221052,0.410234,0.198542,0.159399,0.113333
csi_20260916_1350_normal_active.csv,normal_active,29,0,0.031653,0.222912,0.433355,0.203807,0.158722,0.120000
csi_20260916_1350_normal_active.csv,normal_active,30,0,0.060643,0.221415,0.458919,0.204719,0.159083,0.113333
csi_20260916_1350_normal_active.csv,normal_active,31,0,0.106240,0.224563,0.458919,0.205200,0.158126,0.123333
csi_20260916_1350_normal_active.csv,normal_active,32,0,0.091451,0.227290,0.398177,0.202189,0.156816,0.130000
csi_20260916_1350_normal_active.csv,normal_active,33,0,0.045722,0.220019,0.398177,0.196621,0.161010,0.110000
csi_20260916_1350_normal_active.csv,normal_active,34,0,0.028305,0.224761,0.425099,0.197321,0.170044,0.103333
csi_20260916_1350_normal_active.csv,normal_active,35,0,0.040427,0.250264,0.462739,0.213993,0.172485,0.146667
csi_20260916_1350_normal_active.csv,normal_active,36,0,0.063568,0.251629,0.462739,0.216348,0.161871,0.166667
csi_20260916_1350_normal_active.csv,normal_active,37,0,0.043680,0.221942,0.448428,0.204837,0.144199,0.136667
csi_20260916_1350_normal_active.csv,normal_active,38,0,0.050538,0.211553,0.413913,0.200721,0.144563,0.116667
csi_20260916_1350_normal_active.csv,normal_active,39,0,0.058515,0.213454,0.397874,0.198021,0.154560,0.106667
csi_20260916_1350_normal_active.csv,normal_active,40,0,0.047799,0.226771,0.463604,0.207463,0.158910,0.123333
csi_20260916_1350_normal_active.csv,normal_active,41,0,0.047382,0.233980,0.463604,0.210124,0.153391,0.140000
csi_20260916_1350_normal_active.csv,normal_active,42,0,0.112079,0.237363,0.422530,0.207902,0.157742,0.143333
csi_20260916_1350_normal_active.csv,normal_active,43,0,0.100123,0.235513,0.457407,0.208470,0.157776,0.143333
csi_20260916_1350_normal_active.csv,normal_active,44,0,0.055078,0.237080,0.457407,0.208067,0.160119,0.143333
csi_20260916_1350_normal_active.csv,normal_active,45,0,0.032410,0.239952,0.445106,0.215740,0.148740,0.160000
csi_20260916_1350_normal_active.csv,normal_active,46,0,0.066937,0.234832,0.445106,0.212839,0.151379,0.153333
csi_20260916_1350_normal_active.csv,normal_active,47,0,0.068400,0.223619,0.392657,0.193587,0.159470,0.123333
csi_20260916_1350_normal_active.csv,normal_active,48,0,0.046786,0.217884,0.392657,0.195191,0.156711,0.113333
csi_20260916_1350_normal_active.csv,normal_active,49,0,0.090996,0.238610,0.416571,0.202498,0.160747,0.143333
csi_20260916_1350_normal_active.csv,normal_active,50,0,0.044538,0.251814,0.444725,0.214767,0.164087,0.163333
csi_20260916_1350_normal_active.csv,normal_active,51,0,0.118633,0.241253,0.444725,0.214677,0.162353,0.153333
csi_20260916_1350_normal_active.csv,normal_active,52,0,0.037938,0.226145,0.404822,0.200078,0.157875,0.130000
csi_20260916_1350_normal_active.csv,normal_active,53,0,0.137998,0.221916,0.404822,0.196591,0.149801,0.130000
csi_20260916_1350_normal_active.csv,normal_active,54,0,0.055660,0.235540,0.448130,0.203351,0.153252,0.146667
csi_20260916_1350_normal_active.csv,normal_active,55,0,0.045917,0.242314,0.448130,0.207281,0.156405,0.156667
csi_20260916_1350_normal_active.csv,normal_active,56,0,0.038060,0.247417,0.449719,0.214896,0.146064,0.176667
csi_20260916_1350_normal_active.csv,normal_active,57,0,0.049426,0.247880,0.449719,0.212898,0.158764,0.160000
csi_20260916_1350_normal_active.csv,normal_active,58,0,0.029652,0.238884,0.401864,0.201309,0.170577,0.130000
csi_20260916_1350_normal_active.csv,normal_active,59,0,0.061215,0.243915,0.403467,0.199938,0.173036,0.136667
csi_20260916_1350_normal_active.csv,normal_active,60,0,0.251992,0.254182,0.449595,0.207505,0.176831,0.150000
csi_20260916_1350_normal_active.csv,normal_active,61,0,0.193153,0.246906,0.449595,0.210767,0.171477,0.146667
csi_20260916_1350_normal_active.csv,normal_active,62,0,0.075721,0.229655,0.439043,0.201844,0.166752,0.123333
csi_20260916_1350_normal_active.csv,normal_active,63,0,0.049730,0.228413,0.403194,0.200676,0.163208,0.130000
csi_20260916_1350_normal_active.csv,normal_active,64,0,0.061539,0.226842,0.403194,0.203420,0.153129,0.140000
csi_20260916_1350_normal_active.csv,normal_active,65,0,0.065162,0.236231,0.432116,0.206621,0.165300,0.136667
csi_20260916_1350_normal_active.csv,normal_active,66,0,0.096211,0.259361,0.453658,0.220508,0.168040,0.176667
csi_20260916_1350_normal_active.csv,normal_active,67,0,0.170261,0.246904,0.453658,0.213634,0.154858,0.170000
csi_20260916_1350_normal_active.csv,normal_active,68,0,0.102851,0.233184,0.399472,0.196138,0.160716,0.136667
csi_20260916_1350_normal_active.csv,normal_active,69,0,0.059636,0.228692,0.393731,0.196725,0.157337,0.133333
csi_20260916_1350_normal_active.csv,normal_active,70,0,0.077425,0.210385,0.399525,0.195708,0.140517,0.120000
csi_20260916_1350_normal_active.csv,normal_active,71,0,0.072489,0.220689,0.460826,0.206067,0.142620,0.133333
csi_20260916_1350_normal_active.csv,normal_active,72,0,0.207685,0.218701,0.460826,0.201310,0.156527,0.110000
csi_20260916_1350_normal_active.csv,normal_active,73,0,0.095165,0.217300,0.424819,0.196992,0.159968,0.110000
csi_20260916_1350_normal_active.csv,normal_active,74,0,0.334035,0.236910,0.424819,0.203705,0.160686,0.146667
csi_20260916_1350_normal_active.csv,normal_active,75,0,0.113335,0.227983,0.391380,0.199356,0.150271,0.136667
csi_20260916_1350_normal_active.csv,normal_active,76,0,0.054964,0.239063,0.455035,0.214130,0.154034,0.150000
csi_20260916_1350_normal_active.csv,normal_active,77,0,0.068518,0.259012,0.455035,0.219854,0.173939,0.163333
csi_20260916_1350_normal_active.csv,normal_active,78,0,0.078970,0.237683,0.443515,0.206188,0.164447,0.136667
csi_20260916_1350_normal_active.csv,normal_active,79,0,0.047986,0.217729,0.399104,0.196859,0.151593,0.116667
csi_20260916_1350_normal_active.csv,normal_active,80,0,0.075777,0.222917,0.399104,0.196518,0.156010,0.120000
csi_20260916_1350_normal_active.csv,normal_active,81,0,0.097347,0.222121,0.403048,0.202096,0.150941,0.123333
csi_20260916_1350_normal_active.csv,normal_active,82,0,0.086962,0.227052,0.421625,0.207995,0.148772,0.140000
csi_20260916_1350_normal_active.csv,normal_active,83,0,0.048008,0.235750,0.421625,0.206607,0.154605,0.156667
csi_20260916_1350_normal_active.csv,normal_active,84,0,0.041492,0.219352,0.419030,0.199164,0.144882,0.136667
csi_20260916_1350_normal_active.csv,normal_active,85,0,0.067639,0.220022,0.411677,0.199309,0.146383,0.130000
csi_20260916_1350_normal_active.csv,normal_active,86,0,0.056833,0.221611,0.455597,0.206189,0.142720,0.136667
csi_20260916_1350_normal_active.csv,normal_active,87,0,0.075923,0.216262,0.455597,0.201425,0.151198,0.120000
csi_20260916_1350_normal_active.csv,normal_active,88,0,0.033336,0.224783,0.430231,0.194697,0.165151,0.113333
csi_20260916_1350_normal_active.csv,normal_active,89,0,0.054466,0.227206,0.406205,0.192726,0.164639,0.116667
csi_20260916_1350_normal_active.csv,normal_active,90,0,0.081076,0.221863,0.406205,0.191250,0.152281,0.123333
csi_20260916_1350_normal_active.csv,normal_active,91,0,0.104733,0.214141,0.432080,0.195750,0.145789,0.116667
csi_20260916_1350_normal_active.csv,normal_active,92,0,0.124838,0.226284,0.432080,0.201854,0.154500,0.130000
csi_20260916_1350_normal_active.csv,normal_active,93,0,0.272745,0.230871,0.394603,0.195468,0.155666,0.136667
csi_20260916_1350_normal_active.csv,normal_active,94,0,0.191000,0.222969,0.398261,0.187863,0.166325,0.106667
csi_20260916_1350_normal_active.csv,normal_active,95,0,0.036511,0.234980,0.404846,0.193140,0.175438,0.113333
csi_20260916_1350_normal_active.csv,normal_active,96,0,0.070132,0.231677,0.404846,0.196035,0.156805,0.133333
csi_20260916_1350_normal_active.csv,normal_active,97,0,0.067654,0.226139,0.460286,0.212387,0.145988,0.146667
csi_20260916_1350_normal_active.csv,normal_active,98,0,0.099045,0.229675,0.460286,0.212608,0.155455,0.143333
csi_20260916_1350_normal_active.csv,normal_active,99,0,0.205223,0.232740,0.410582,0.202677,0.153980,0.140000
csi_20260916_1350_normal_active.csv,normal_active,100,0,0.281854,0.229819,0.410582,0.199279,0.145575,0.140000
csi_20260916_1350_normal_active.csv,normal_active,101,0,0.434639,0.231719,0.496970,0.196506,0.147822,0.133333
csi_20260916_1350_normal_active.csv,normal_active,102,0,0.275169,0.235611,0.496970,0.204697,0.138916,0.146667
csi_20260916_1350_normal_active.csv,normal_active,103,0,0.035694,0.224925,0.495356,0.204380,0.133437,0.136667
csi_20260916_1350_normal_active.csv,normal_active,104,0,0.100320,0.210806,0.495356,0.188708,0.139344,0.113333
csi_20260916_1350_normal_active.csv,normal_active,105,0,0.105576,0.210913,0.407269,0.186690,0.148859,0.106667
csi_20260916_1350_normal_active.csv,normal_active,106,0,0.115515,0.219764,0.407269,0.199152,0.154931,0.110000
csi_20260916_1350_normal_active.csv,normal_active,107,0,0.148822,0.226426,0.441141,0.209838,0.143254,0.136667
csi_20260916_1350_normal_active.csv,normal_active,108,0,0.176123,0.232778,0.441141,0.210318,0.148217,0.136667
csi_20260916_1350_normal_active.csv,normal_active,109,0,0.078711,0.226812,0.381805,0.194342,0.172380,0.096667
csi_20260916_1350_normal_active.csv,normal_active,110,0,0.163817,0.212089,0.394238,0.190849,0.165994,0.086667
csi_20260916_1350_normal_active.csv,normal_active,111,0,0.145420,0.213713,0.394238,0.192550,0.156432,0.103333
csi_20260916_1350_normal_active.csv,normal_active,112,0,0.060580,0.231360,0.460415,0.205583,0.156060,0.133333
csi_20260916_1350_normal_active.csv,normal_active,113,0,0.134395,0.219190,0.460415,0.199584,0.149761,0.123333
csi_20260916_1350_normal_active.csv,normal_active,114,0,0.069957,0.204281,0.389183,0.179190,0.153589,0.096667
csi_20260916_1350_normal_active.csv,normal_active,115,0,0.031781,0.214798,0.389183,0.179537,0.172597,0.086667
csi_20260916_1350_normal_active.csv,normal_active,116,0,0.048359,0.204957,0.353200,0.173702,0.167569,0.073333
csi_20260916_1350_normal_active.csv,normal_active,117,0,0.035502,0.213712,0.452361,0.186029,0.151129,0.116667
csi_20260916_1350_normal_active.csv,normal_active,118,0,0.071056,0.227278,0.452361,0.197300,0.151106,0.143333
csi_20260916_1356_normal_empty.csv,normal_empty,0,0,0.230253,0.243613,0.483021,0.227145,0.154744,0.163333
csi_20260916_1356_normal_empty.csv,normal_empty,1,0,0.123711,0.219938,0.441508,0.204918,0.162404,0.103333
csi_20260916_1356_normal_empty.csv,normal_empty,2,0,0.123622,0.227597,0.444658,0.204571,0.167452,0.106667
csi_20260916_1356_normal_empty.csv,normal_empty,3,0,0.110222,0.222648,0.444658,0.206964,0.153467,0.116667
csi_20260916_1356_normal_empty.csv,normal_empty,4,0,0.753382,0.228007,0.470661,0.216238,0.149170,0.133333
csi_20260916_1356_normal_empty.csv,normal_empty,5,0,0.120215,0.228510,0.470661,0.213137,0.166087,0.116667
csi_20260916_1356_normal_empty.csv,normal_empty,6,0,0.107131,0.221324,0.440667,0.197699,0.172044,0.090000
csi_20260916_1356_normal_empty.csv,normal_empty,7,0,0.260268,0.226915,0.415769,0.194413,0.174844,0.090000
csi_20260916_1356_normal_empty.csv,normal_empty,8,0,0.100529,0.231318,0.415769,0.202310,0.176082,0.100000
csi_20260916_1356_normal_empty.csv,normal_empty,9,0,0.080563,0.221940,0.417136,0.203781,0.162085,0.103333
csi_20260916_1356_normal_empty.csv,normal_empty,10,0,0.221608,0.218140,0.417136,0.206378,0.159643,0.106667
csi_20260916_1356_normal_empty.csv,normal_empty,11,0,0.246693,0.235518,0.441008,0.215673,0.170379,0.123333
csi_20260916_1356_normal_empty.csv,normal_empty,12,0,0.074257,0.229644,0.441008,0.207872,0.169151,0.110000
csi_20260916_1356_normal_empty.csv,normal_empty,13,0,0.212571,0.217611,0.405422,0.200035,0.164854,0.093333
csi_20260916_1356_normal_empty.csv,normal_empty,14,0,0.190266,0.231763,0.468895,0.216215,0.162755,0.123333
csi_20260916_1356_normal_empty.csv,normal_empty,15,0,0.706022,0.228911,0.468895,0.213285,0.161152,0.120000
csi_20260916_1356_normal_empty.csv,normal_empty,16,0,0.399563,0.210600,0.434068,0.196660,0.162694,0.080000
csi_20260916_1356_normal_empty.csv,normal_empty,17,0,0.109078,0.220165,0.427670,0.202553,0.162265,0.096667
csi_20260916_1356_normal_empty.csv,normal_empty,18,0,0.495721,0.215232,0.419132,0.201791,0.153771,0.100000
csi_20260916_1356_normal_empty.csv,normal_empty,19,0,0.140326,0.208437,0.473397,0.199595,0.159315,0.086667
csi_20260916_1356_normal_empty.csv,normal_empty,20,0,0.276202,0.223082,0.473397,0.201035,0.177645,0.086667
csi_20260916_1356_normal_empty.csv,normal_empty,21,0,0.550938,0.237924,0.459026,0.208712,0.179211,0.110000
csi_20260916_1356_normal_empty.csv,normal_empty,22,0,0.085990,0.228194,0.442062,0.209368,0.166280,0.110000
csi_20260916_1356_normal_empty.csv,normal_empty,23,0,0.277544,0.220828,0.439173,0.200370,0.169903,0.090000
csi_20260916_1356_normal_empty.csv,normal_empty,24,0,0.530382,0.232427,0.440564,0.203561,0.179295,0.100000
csi_20260916_1356_normal_empty.csv,normal_empty,25,0,0.122553,0.234753,0.441000,0.210945,0.172387,0.116667
csi_20260916_1356_normal_empty.csv,normal_empty,26,0,0.065540,0.219415,0.441000,0.201286,0.165379,0.093333
csi_20260916_1356_normal_empty.csv,normal_empty,27,0,0.745884,0.204741,0.423871,0.190749,0.165971,0.063333
csi_20260916_1356_normal_empty.csv,normal_empty,28,0,0.294513,0.219865,0.471206,0.202921,0.168917,0.086667
csi_20260916_1356_normal_empty.csv,normal_empty,29,0,0.069292,0.224467,0.471206,0.210275,0.163822,0.103333
csi_20260916_1356_normal_empty.csv,normal_empty,30,0,0.113146,0.231559,0.458825,0.218336,0.155565,0.133333
csi_20260916_1356_normal_empty.csv,normal_empty,31,0,0.097242,0.231848,0.458825,0.220469,0.155517,0.136667
csi_20260916_1356_normal_empty.csv,normal_empty,32,0,0.123224,0.218508,0.414394,0.204185,0.168927,0.090000
csi_20260916_1356_normal_empty.csv,normal_empty,33,0,0.094493,0.221558,0.413742,0.195187,0.176767,0.080000
csi_20260916_1356_normal_empty.csv,normal_empty,34,0,0.088467,0.230681,0.454025,0.205547,0.177210,0.096667
csi_20260916_1356_normal_empty.csv,normal_empty,35,0,0.152305,0.240734,0.454025,0.208052,0.187279,0.100000
csi_20260916_1356_normal_empty.csv,normal_empty,36,0,0.167001,0.217671,0.450501,0.198326,0.173429,0.080000
csi_20260916_1356_normal_empty.csv,normal_empty,37,0,0.141106,0.208005,0.407167,0.194367,0.164055,0.073333
csi_20260916_1356_normal_empty.csv,normal_empty,38,0,0.084578,0.217960,0.381118,0.193240,0.172694,0.076667
csi_20260916_1356_normal_empty.csv,normal_empty,39,0,0.037683,0.225105,0.436002,0.201873,0.176142,0.090000
csi_20260916_1356_normal_empty.csv,normal_empty,40,0,0.132830,0.234028,0.460198,0.214984,0.161101,0.126667
csi_20260916_1356_normal_empty.csv,normal_empty,41,0,0.240543,0.216440,0.460198,0.212710,0.145493,0.116667
csi_20260916_1356_normal_empty.csv,normal_empty,42,0,0.111844,0.213928,0.423084,0.204346,0.155551,0.096667
csi_20260916_1356_normal_empty.csv,normal_empty,43,0,0.124697,0.209889,0.404610,0.197187,0.161490,0.080000
csi_20260916_1356_normal_empty.csv,normal_empty,44,0,0.213614,0.208853,0.424803,0.193009,0.173091,0.063333
csi_20260916_1356_normal_empty.csv,normal_empty,45,0,0.183031,0.231397,0.438079,0.208247,0.176419,0.103333
csi_20260916_1356_normal_empty.csv,normal_empty,46,0,0.136448,0.240829,0.438079,0.209064,0.181974,0.110000
csi_20260916_1356_normal_empty.csv,normal_empty,47,0,0.092242,0.230166,0.417088,0.196655,0.184486,0.083333
csi_20260916_1356_normal_empty.csv,normal_empty,48,0,0.310728,0.228320,0.424721,0.198909,0.180763,0.090000
csi_20260916_1356_normal_empty.csv,normal_empty,49,0,0.553007,0.229792,0.424795,0.205710,0.174565,0.103333
csi_20260916_1356_normal_empty.csv,normal_empty,50,0,0.399472,0.233506,0.444206,0.209117,0.169915,0.113333
csi_20260916_1356_normal_empty.csv,normal_empty,51,0,0.054101,0.226282,0.444206,0.204937,0.173445,0.093333
csi_20260916_1356_normal_empty.csv,normal_empty,52,0,0.058476,0.217275,0.420066,0.199865,0.173767,0.080000
csi_20260916_1356_normal_empty.csv,normal_empty,53,0,0.057919,0.225215,0.420066,0.202143,0.175309,0.090000
csi_20260916_1356_normal_empty.csv,normal_empty,54,0,0.360112,0.224048,0.361993,0.200045,0.173303,0.090000
csi_20260916_1356_normal_empty.csv,normal_empty,55,0,0.406088,0.225747,0.478670,0.205533,0.173410,0.093333
csi_20260916_1356_normal_empty.csv,normal_empty,56,0,0.093864,0.215108,0.478670,0.207611,0.159783,0.096667
csi_20260916_1356_normal_empty.csv,normal_empty,57,0,0.042431,0.209022,0.415502,0.194035,0.167686,0.073333
csi_20260916_1356_normal_empty.csv,normal_empty,58,0,0.099662,0.203390,0.386264,0.186048,0.172705,0.053333
csi_20260916_1356_normal_empty.csv,normal_empty,59,0,0.097315,0.187910,0.386264,0.190252,0.151631,0.060000
csi_20260916_1356_normal_empty.csv,normal_empty,60,0,0.052033,0.212905,0.418492,0.200772,0.168237,0.080000
csi_20260916_1356_normal_empty.csv,normal_empty,61,0,0.073553,0.217728,0.424269,0.204210,0.165154,0.090000
csi_20260916_1356_normal_empty.csv,normal_empty,62,0,0.072810,0.205125,0.424269,0.199446,0.158319,0.076667
csi_20260916_1356_normal_empty.csv,normal_empty,63,0,0.094943,0.206261,0.377915,0.188710,0.177982,0.050000
csi_20260916_1356_normal_empty.csv,normal_empty,64,0,0.328404,0.200551,0.419092,0.184497,0.177936,0.040000
csi_20260916_1356_normal_empty.csv,normal_empty,65,0,0.139007,0.223574,0.474493,0.209487,0.172246,0.093333
csi_20260916_1356_normal_empty.csv,normal_empty,66,0,0.120504,0.221458,0.474493,0.213690,0.160709,0.106667
csi_20260916_1356_normal_empty.csv,normal_empty,67,0,0.214379,0.193871,0.466242,0.193746,0.156271,0.063333
csi_20260916_1356_normal_empty.csv,normal_empty,68,0,0.186019,0.197113,0.440056,0.192621,0.157241,0.066667
csi_20260916_1356_normal_empty.csv,normal_empty,69,0,0.164199,0.202771,0.440056,0.196455,0.158773,0.073333
csi_20260916_1356_normal_empty.csv,normal_empty,70,0,0.186009,0.212977,0.444667,0.201446,0.166380,0.080000
csi_20260916_1356_normal_empty.csv,normal_empty,71,0,0.085239,0.224748,0.470255,0.211156,0.168793,0.100000
csi_20260916_1356_normal_empty.csv,normal_empty,72,0,0.061738,0.214729,0.470255,0.202597,0.171862,0.076667
csi_20260916_1356_normal_empty.csv,normal_empty,73,0,0.090523,0.214456,0.418223,0.194648,0.173929,0.073333
csi_20260916_1356_normal_empty.csv,normal_empty,74,0,0.182754,0.213273,0.418223,0.196660,0.166335,0.080000
csi_20260916_1356_normal_empty.csv,normal_empty,75,0,0.086427,0.210367,0.447976,0.204276,0.160715,0.090000
csi_20260916_1356_normal_empty.csv,normal_empty,76,0,0.063087,0.226651,0.460711,0.213612,0.166783,0.110000
csi_20260916_1356_normal_empty.csv,normal_empty,77,0,0.048543,0.225552,0.460711,0.208989,0.170679,0.100000
csi_20260916_1356_normal_empty.csv,normal_empty,78,0,0.374930,0.217961,0.459189,0.203614,0.169652,0.093333
csi_20260916_1356_normal_empty.csv,normal_empty,79,0,0.232443,0.214785,0.435106,0.205566,0.167457,0.093333
csi_20260916_1356_normal_empty.csv,normal_empty,80,0,0.104262,0.226814,0.484241,0.215568,0.163803,0.113333
csi_20260916_1356_normal_empty.csv,normal_empty,81,0,0.305379,0.226814,0.484241,0.215127,0.163009,0.110000
csi_20260916_1356_normal_empty.csv,normal_empty,82,0,0.158406,0.215193,0.465662,0.201356,0.174976,0.073333
csi_20260916_1356_normal_empty.csv,normal_empty,83,0,0.163160,0.203430,0.425921,0.191646,0.171194,0.060000
csi_20260916_1356_normal_empty.csv,normal_empty,84,0,0.139264,0.197677,0.415417,0.190840,0.163186,0.060000
csi_20260916_1356_normal_empty.csv,normal_empty,85,0,0.132532,0.189044,0.433690,0.194148,0.156075,0.060000
csi_20260916_1356_normal_empty.csv,normal_empty,86,0,0.054373,0.197030,0.433690,0.193813,0.166035,0.056667
csi_20260916_1356_normal_empty.csv,normal_empty,87,0,0.237748,0.209456,0.467325,0.193729,0.178032,0.056667
csi_20260916_1356_normal_empty.csv,normal_empty,88,0,0.136217,0.215594,0.467325,0.198190,0.176001,0.073333
csi_20260916_1356_normal_empty.csv,normal_empty,89,0,0.096510,0.214153,0.411633,0.194463,0.173730,0.073333
csi_20260916_1356_normal_empty.csv,normal_empty,90,0,0.084903,0.215851,0.480325,0.197569,0.175019,0.073333
csi_20260916_1356_normal_empty.csv,normal_empty,91,0,0.095649,0.230953,0.480325,0.210842,0.172789,0.103333
csi_20260916_1356_normal_empty.csv,normal_empty,92,0,0.061807,0.228200,0.477294,0.205228,0.180604,0.090000
csi_20260916_1356_normal_empty.csv,normal_empty,93,0,0.081081,0.192715,0.418174,0.183726,0.171592,0.036667
csi_20260916_1356_normal_empty.csv,normal_empty,94,0,0.075198,0.179504,0.418174,0.181750,0.159426,0.033333
csi_20260916_1356_normal_empty.csv,normal_empty,95,0,0.094532,0.200650,0.424895,0.194940,0.158852,0.070000
csi_20260916_1356_normal_empty.csv,normal_empty,96,0,0.053087,0.208643,0.474808,0.203680,0.154665,0.093333
csi_20260916_1356_normal_empty.csv,normal_empty,97,0,0.402566,0.218816,0.474808,0.218679,0.161968,0.126667
csi_20260916_1356_normal_empty.csv,normal_empty,98,0,0.098039,0.218432,0.454071,0.224145,0.159724,0.143333
csi_20260916_1356_normal_empty.csv,normal_empty,99,0,0.365037,0.213656,0.466219,0.214139,0.159124,0.110000
csi_20260916_1356_normal_empty.csv,normal_empty,100,0,0.090690,0.201010,0.468310,0.198816,0.160121,0.070000
csi_20260916_1356_normal_empty.csv,normal_empty,101,0,0.127210,0.217276,0.468310,0.205119,0.168781,0.090000
csi_20260916_1356_normal_empty.csv,normal_empty,102,0,0.479068,0.203729,0.463172,0.200897,0.162072,0.076667
csi_20260916_1356_normal_empty.csv,normal_empty,103,0,0.080257,0.185189,0.419569,0.182555,0.166675,0.033333
csi_20260916_1356_normal_empty.csv,normal_empty,104,0,0.081167,0.198184,0.419569,0.187025,0.170214,0.050000
csi_20260916_1356_normal_empty.csv,normal_empty,105,0,0.066118,0.197835,0.423470,0.194946,0.161807,0.063333
csi_20260916_1356_normal_empty.csv,normal_empty,106,0,0.078122,0.205608,0.454811,0.205082,0.158068,0.083333
csi_20260916_1356_normal_empty.csv,normal_empty,107,0,0.100749,0.211984,0.454811,0.201502,0.166910,0.080000
csi_20260916_1356_normal_empty.csv,normal_empty,108,0,0.076598,0.190571,0.391660,0.187301,0.161021,0.050000
csi_20260916_1356_normal_empty.csv,normal_empty,109,0,0.226229,0.180377,0.361860,0.179634,0.160304,0.036667
csi_20260916_1356_normal_empty.csv,normal_empty,110,0,0.119575,0.179516,0.361417,0.183838,0.155558,0.043333
csi_20260916_1356_normal_empty.csv,normal_empty,111,0,0.167637,0.209898,0.458969,0.201986,0.160280,0.086667
csi_20260916_1356_normal_empty.csv,normal_empty,112,0,0.202877,0.219411,0.458969,0.207658,0.166908,0.093333
csi_20260916_1356_normal_empty.csv,normal_empty,113,0,0.106777,0.193481,0.413299,0.192900,0.162178,0.053333
csi_20260916_1356_normal_empty.csv,normal_empty,114,0,0.053204,0.202902,0.436360,0.188680,0.172924,0.053333
csi_20260916_1356_normal_empty.csv,normal_empty,115,0,0.112939,0.216633,0.482773,0.202574,0.173175,0.080000
csi_20260916_1356_normal_empty.csv,normal_empty,116,0,0.270804,0.217355,0.482773,0.214026,0.156793,0.110000
csi_20260916_1356_normal_empty.csv,normal_empty,117,0,0.109958,0.213493,0.458813,0.204386,0.166099,0.086667
csi_20260916_1356_normal_empty.csv,normal_empty,118,0,0.316551,0.215301,0.464105,0.193950,0.176240,0.066667
csi_20260916_1358_normal_empty.csv,normal_empty,0,0,0.082081,0.230917,0.459413,0.215664,0.156819,0.126667
csi_20260916_1358_normal_empty.csv,normal_empty,1,0,0.206149,0.211273,0.459413,0.207312,0.144122,0.110000
csi_20260916_1358_normal_empty.csv,normal_empty,2,0,0.209433,0.222947,0.405705,0.204042,0.158602,0.106667
csi_20260916_1358_normal_empty.csv,normal_empty,3,0,0.204675,0.231938,0.473671,0.208424,0.166924,0.110000
csi_20260916_1358_normal_empty.csv,normal_empty,4,0,0.148946,0.225585,0.473671,0.213650,0.149892,0.123333
csi_20260916_1358_normal_empty.csv,normal_empty,5,0,0.156005,0.221187,0.414529,0.208546,0.157390,0.110000
csi_20260916_1358_normal_empty.csv,normal_empty,6,0,0.089791,0.220972,0.419126,0.207645,0.161018,0.106667
csi_20260916_1358_normal_empty.csv,normal_empty,7,0,0.087283,0.207440,0.419126,0.202220,0.150511,0.100000
csi_20260916_1358_normal_empty.csv,normal_empty,8,0,0.175862,0.211876,0.370999,0.197946,0.158563,0.090000
csi_20260916_1358_normal_empty.csv,normal_empty,9,0,0.133468,0.221118,0.426538,0.212930,0.150546,0.116667
csi_20260916_1358_normal_empty.csv,normal_empty,10,0,0.075017,0.225698,0.442464,0.215168,0.159373,0.113333
csi_20260916_1358_normal_empty.csv,normal_empty,11,0,0.172716,0.221921,0.442464,0.206580,0.170774,0.090000
csi_20260916_1358_normal_empty.csv,normal_empty,12,0,0.220387,0.210191,0.438740,0.197271,0.166199,0.073333
csi_20260916_1358_normal_empty.csv,normal_empty,13,0,0.193785,0.212538,0.419278,0.192635,0.171168,0.073333
csi_20260916_1358_normal_empty.csv,normal_empty,14,0,0.363280,0.214724,0.430516,0.202778,0.160034,0.093333
csi_20260916_1358_normal_empty.csv,normal_empty,15,0,0.334360,0.218038,0.430516,0.209055,0.152625,0.110000
csi_20260916_1358_normal_empty.csv,normal_empty,16,0,0.053630,0.226262,0.422689,0.204429,0.164785,0.106667
csi_20260916_1358_normal_empty.csv,normal_empty,17,0,0.134200,0.229658,0.405418,0.201830,0.167850,0.106667
csi_20260916_1358_normal_empty.csv,normal_empty,18,0,0.225449,0.227383,0.405418,0.201644,0.175851,0.093333
csi_20260916_1358_normal_empty.csv,normal_empty,19,0,0.582317,0.205214,0.403538,0.198414,0.158842,0.080000
csi_20260916_1358_normal_empty.csv,normal_empty,20,0,0.280170,0.204447,0.469282,0.206236,0.146509,0.096667
csi_20260916_1358_normal_empty.csv,normal_empty,21,0,0.249281,0.226724,0.469282,0.211606,0.161690,0.113333
csi_20260916_1358_normal_empty.csv,normal_empty,22,0,0.106275,0.224820,0.462185,0.204573,0.172694,0.093333
csi_20260916_1358_normal_empty.csv,normal_empty,23,0,0.074172,0.218921,0.455169,0.199469,0.178726,0.073333
csi_20260916_1358_normal_empty.csv,normal_empty,24,0,0.081558,0.229052,0.491159,0.211334,0.170630,0.103333
csi_20260916_1358_normal_empty.csv,normal_empty,25,0,0.154262,0.225925,0.491159,0.214606,0.154421,0.120000
csi_20260916_1358_normal_empty.csv,normal_empty,26,0,0.129122,0.234833,0.459073,0.216487,0.165447,0.123333
csi_20260916_1358_normal_empty.csv,normal_empty,27,0,0.100996,0.253914,0.459073,0.215415,0.183829,0.126667
csi_20260916_1358_normal_empty.csv,normal_empty,28,0,0.078010,0.251568,0.476571,0.216815,0.185059,0.123333
csi_20260916_1358_normal_empty.csv,normal_empty,29,0,0.314490,0.227213,0.476571,0.213545,0.165726,0.110000
csi_20260916_1358_normal_empty.csv,normal_empty,30,0,0.175895,0.212717,0.432124,0.209107,0.149247,0.110000
csi_20260916_1358_normal_empty.csv,normal_empty,31,0,0.072210,0.222792,0.432124,0.212203,0.155538,0.113333
csi_20260916_1358_normal_empty.csv,normal_empty,32,0,0.043330,0.221873,0.427583,0.201777,0.174160,0.083333
csi_20260916_1358_normal_empty.csv,normal_empty,33,0,0.117114,0.231264,0.432472,0.200144,0.190804,0.076667
csi_20260916_1358_normal_empty.csv,normal_empty,34,0,0.081134,0.212813,0.432472,0.199702,0.171256,0.073333
csi_20260916_1358_normal_empty.csv,normal_empty,35,0,0.047459,0.195522,0.399313,0.201870,0.148138,0.080000
csi_20260916_1358_normal_empty.csv,normal_empty,36,0,0.115046,0.214279,0.399313,0.210936,0.145013,0.126667
csi_20260916_1358_normal_empty.csv,normal_empty,37,0,0.135119,0.220950,0.428220,0.206959,0.156097,0.120000
csi_20260916_1358_normal_empty.csv,normal_empty,38,0,0.813811,0.203782,0.428220,0.196163,0.159949,0.073333
csi_20260916_1358_normal_empty.csv,normal_empty,39,0,0.216352,0.199789,0.433305,0.195132,0.158641,0.070000
csi_20260916_1358_normal_empty.csv,normal_empty,40,0,0.366062,0.211698,0.433305,0.199597,0.158064,0.090000
csi_20260916_1358_normal_empty.csv,normal_empty,41,0,0.277070,0.195076,0.371196,0.197096,0.145769,0.080000
csi_20260916_1358_normal_empty.csv,normal_empty,42,0,0.166165,0.204508,0.423755,0.200586,0.154651,0.083333
csi_20260916_1358_normal_empty.csv,normal_empty,43,0,0.262378,0.222134,0.423755,0.198087,0.172675,0.086667
csi_20260916_1358_normal_empty.csv,normal_empty,44,0,0.158899,0.218334,0.376736,0.189635,0.179773,0.070000
csi_20260916_1358_normal_empty.csv,normal_empty,45,0,0.319243,0.219025,0.446767,0.195972,0.175260,0.080000
csi_20260916_1358_normal_empty.csv,normal_empty,46,0,0.081659,0.226578,0.446767,0.203396,0.178458,0.093333
csi_20260916_1358_normal_empty.csv,normal_empty,47,0,0.026444,0.211760,0.419010,0.198666,0.177347,0.070000
csi_20260916_1358_normal_empty.csv,normal_empty,48,0,0.387845,0.196223,0.390477,0.191002,0.162860,0.056667
csi_20260916_1358_normal_empty.csv,normal_empty,49,0,0.055573,0.200205,0.390477,0.190758,0.167173,0.056667
csi_20260916_1358_normal_empty.csv,normal_empty,50,0,0.065179,0.224422,0.471912,0.204074,0.177614,0.086667
csi_20260916_1358_normal_empty.csv,normal_empty,51,0,0.307118,0.224616,0.471912,0.208561,0.169241,0.096667
csi_20260916_1358_normal_empty.csv,normal_empty,52,0,0.367500,0.210428,0.428036,0.196034,0.175319,0.063333
csi_20260916_1358_normal_empty.csv,normal_empty,53,0,0.057842,0.213983,0.428036,0.194151,0.174870,0.070000
csi_20260916_1358_normal_empty.csv,normal_empty,54,0,0.106093,0.211938,0.414289,0.197206,0.170812,0.073333
csi_20260916_1358_normal_empty.csv,normal_empty,55,0,0.071168,0.211466,0.414289,0.203493,0.165924,0.083333
csi_20260916_1358_normal_empty.csv,normal_empty,56,0,0.098659,0.203589,0.410494,0.202434,0.156343,0.080000
csi_20260916_1358_normal_empty.csv,normal_empty,57,0,0.360441,0.189466,0.410494,0.187683,0.160827,0.046667
csi_20260916_1358_normal_empty.csv,normal_empty,58,0,0.209446,0.195219,0.430581,0.190817,0.162917,0.056667
csi_20260916_1358_normal_empty.csv,normal_empty,59,0,0.086186,0.189787,0.430581,0.191034,0.155997,0.056667
csi_20260916_1358_normal_empty.csv,normal_empty,60,0,0.149710,0.196363,0.439006,0.195120,0.157520,0.066667
csi_20260916_1358_normal_empty.csv,normal_empty,61,0,0.102523,0.219294,0.460718,0.214503,0.157114,0.110000
csi_20260916_1358_normal_empty.csv,normal_empty,62,0,0.086442,0.209180,0.460718,0.205219,0.161993,0.083333
csi_20260916_1358_normal_empty.csv,normal_empty,63,0,0.151720,0.188096,0.348047,0.184451,0.162320,0.043333
csi_20260916_1358_normal_empty.csv,normal_empty,64,0,0.122607,0.195879,0.368960,0.185887,0.168162,0.046667
csi_20260916_1358_normal_empty.csv,normal_empty,65,0,0.350325,0.212087,0.414952,0.198941,0.171090,0.073333
csi_20260916_1358_normal_empty.csv,normal_empty,66,0,0.311846,0.212532,0.453096,0.209850,0.157199,0.100000
csi_20260916_1358_normal_empty.csv,normal_empty,67,0,0.052214,0.219491,0.453096,0.209871,0.165854,0.100000
csi_20260916_1358_normal_empty.csv,normal_empty,68,0,0.131176,0.212705,0.436356,0.202298,0.168200,0.080000
csi_20260916_1358_normal_empty.csv,normal_empty,69,0,0.031967,0.194468,0.413809,0.192469,0.154046,0.073333
csi_20260916_1358_normal_empty.csv,normal_empty,70,0,0.033914,0.193492,0.418654,0.195092,0.152058,0.073333
csi_20260916_1358_normal_empty.csv,normal_empty,71,0,0.095574,0.207996,0.422763,0.203791,0.159666,0.083333
csi_20260916_1358_normal_empty.csv,normal_empty,72,0,0.279724,0.190495,0.422763,0.193419,0.156345,0.056667
csi_20260916_1358_normal_empty.csv,normal_empty,73,0,0.172574,0.181118,0.371070,0.184868,0.159549,0.036667
csi_20260916_1358_normal_empty.csv,normal_empty,74,0,0.124558,0.192914,0.374056,0.191749,0.157737,0.060000
csi_20260916_1358_normal_empty.csv,normal_empty,75,0,0.101537,0.198869,0.409341,0.192426,0.162940,0.063333
csi_20260916_1358_normal_empty.csv,normal_empty,76,0,0.182017,0.214644,0.409341,0.199483,0.169748,0.080000
csi_20260916_1358_normal_empty.csv,normal_empty,77,0,0.106883,0.208158,0.428523,0.198760,0.165669,0.073333
csi_20260916_1358_normal_empty.csv,normal_empty,78,0,0.097316,0.187769,0.428523,0.183863,0.167361,0.036667
csi_20260916_1358_normal_empty.csv,normal_empty,79,0,0.053110,0.209684,0.428928,0.186362,0.187102,0.040000
csi_20260916_1358_normal_empty.csv,normal_empty,80,0,0.143256,0.214519,0.428928,0.188665,0.186054,0.050000
csi_20260916_1358_normal_empty.csv,normal_empty,81,0,0.082993,0.219900,0.478781,0.198566,0.172324,0.083333
csi_20260916_1358_normal_empty.csv,normal_empty,82,0,0.084450,0.221061,0.478781,0.197524,0.179902,0.073333
csi_20260916_1358_normal_empty.csv,normal_empty,83,0,0.095380,0.193443,0.374213,0.181514,0.170766,0.040000
csi_20260916_1358_normal_empty.csv,normal_empty,84,0,0.478511,0.192127,0.376291,0.182553,0.166800,0.043333
csi_20260916_1358_normal_empty.csv,normal_empty,85,0,0.242836,0.199654,0.376291,0.186618,0.174723,0.046667
csi_20260916_1358_normal_empty.csv,normal_empty,86,0,0.074181,0.200476,0.471653,0.197708,0.161427,0.066667
csi_20260916_1358_normal_empty.csv,normal_empty,87,0,0.057442,0.191909,0.471653,0.190374,0.162719,0.050000
csi_20260916_1358_normal_empty.csv,normal_empty,88,0,0.386368,0.193579,0.417003,0.187330,0.168861,0.043333
csi_20260916_1358_normal_empty.csv,normal_empty,89,0,0.115546,0.191432,0.386773,0.189270,0.161653,0.053333
csi_20260916_1358_normal_empty.csv,normal_empty,90,0,0.210949,0.189202,0.386773,0.187097,0.159748,0.050000
csi_20260916_1358_normal_empty.csv,normal_empty,91,0,0.099739,0.198460,0.370871,0.190549,0.166939,0.053333
csi_20260916_1358_normal_empty.csv,normal_empty,92,0,0.090124,0.211415,0.370871,0.191948,0.181109,0.056667
csi_20260916_1358_normal_empty.csv,normal_empty,93,0,0.054379,0.202611,0.410934,0.191519,0.172861,0.053333
csi_20260916_1358_normal_empty.csv,normal_empty,94,0,0.079085,0.188569,0.410934,0.184088,0.170429,0.033333
csi_20260916_1358_normal_empty.csv,normal_empty,95,0,0.116407,0.194945,0.371110,0.180636,0.177126,0.033333
csi_20260916_1358_normal_empty.csv,normal_empty,96,0,0.621776,0.190963,0.371110,0.188092,0.155012,0.060000
csi_20260916_1358_normal_empty.csv,normal_empty,97,0,0.218882,0.207021,0.463505,0.217557,0.146318,0.130000
csi_20260916_1358_normal_empty.csv,normal_empty,98,0,0.033128,0.203078,0.463505,0.213830,0.159046,0.106667
csi_20260916_1358_normal_empty.csv,normal_empty,99,0,0.077758,0.187273,0.392856,0.181907,0.168818,0.033333
csi_20260916_1358_normal_empty.csv,normal_empty,100,0,0.325274,0.206720,0.457665,0.195456,0.170215,0.066667
csi_20260916_1358_normal_empty.csv,normal_empty,101,0,0.331826,0.218535,0.457665,0.203036,0.171817,0.086667
csi_20260916_1358_normal_empty.csv,normal_empty,102,0,0.253220,0.214507,0.442007,0.195987,0.177759,0.070000
csi_20260916_1358_normal_empty.csv,normal_empty,103,0,0.080649,0.188140,0.363472,0.181152,0.170810,0.033333
csi_20260916_1358_normal_empty.csv,normal_empty,104,0,0.044115,0.186134,0.371249,0.175970,0.175915,0.020000
csi_20260916_1358_normal_empty.csv,normal_empty,105,0,0.064887,0.190213,0.371249,0.176884,0.177270,0.023333
csi_20260916_1358_normal_empty.csv,normal_empty,106,0,0.205714,0.193321,0.459655,0.191958,0.163547,0.060000
csi_20260916_1358_normal_empty.csv,normal_empty,107,0,0.137942,0.190676,0.459655,0.196786,0.152615,0.073333
csi_20260916_1358_normal_empty.csv,normal_empty,108,0,0.582605,0.183935,0.364201,0.185323,0.155705,0.046667
csi_20260916_1358_normal_empty.csv,normal_empty,109,0,0.116621,0.195726,0.399969,0.190695,0.164095,0.053333
csi_20260916_1358_normal_empty.csv,normal_empty,110,0,0.082155,0.195217,0.419859,0.194819,0.162242,0.056667
csi_20260916_1358_normal_empty.csv,normal_empty,111,0,0.058428,0.187337,0.419859,0.190157,0.161652,0.046667
csi_20260916_1358_normal_empty.csv,normal_empty,112,0,0.070244,0.197876,0.447776,0.194314,0.167395,0.056667
csi_20260916_1358_normal_empty.csv,normal_empty,113,0,0.053842,0.216784,0.447776,0.195501,0.184030,0.063333
csi_20260916_1358_normal_empty.csv,normal_empty,114,0,0.105411,0.212760,0.446963,0.199775,0.173620,0.073333
csi_20260916_1358_normal_empty.csv,normal_empty,115,0,0.481096,0.208179,0.446963,0.198926,0.171752,0.066667
csi_20260916_1358_normal_empty.csv,normal_empty,116,0,0.558132,0.202460,0.415567,0.188852,0.172396,0.053333
csi_20260916_1358_normal_empty.csv,normal_empty,117,0,0.044199,0.197939,0.415567,0.189872,0.163904,0.060000
csi_20260916_1358_normal_empty.csv,normal_empty,118,0,0.127497,0.184198,0.409295,0.182169,0.163787,0.036667
csi_20260916_1327_fall.csv,fall,0,0,0.343673,0.170723,0.417387,0.181846,0.146181,0.043333
csi_20260916_1327_fall.csv,fall,1,0,0.397368,0.167480,0.417387,0.181401,0.144398,0.040000
csi_20260916_1327_fall.csv,fall,2,1,0.156744,0.179822,0.417387,0.181463,0.160425,0.036667
csi_20260916_1327_fall.csv,fall,3,1,0.562961,0.180290,0.417387,0.181400,0.163529,0.033333
csi_20260916_1327_fall.csv,fall,4,1,0.486759,0.184840,0.417387,0.184965,0.164649,0.040000
csi_20260916_1327_fall.csv,fall,5,1,0.959499,0.185822,0.417387,0.185881,0.162409,0.040000
csi_20260916_1327_fall.csv,fall,6,1,0.900198,0.188792,0.384352,0.183644,0.164188,0.036667
csi_20260916_1327_fall.csv,fall,7,1,0.958737,0.193920,0.474879,0.191355,0.161756,0.050000
csi_20260916_1327_fall.csv,fall,8,1,0.918809,0.187585,0.474879,0.190957,0.152749,0.053333
csi_20260916_1327_fall.csv,fall,9,1,0.831974,0.187248,0.474879,0.191692,0.151388,0.056667
csi_20260916_1327_fall.csv,fall,10,1,0.928072,0.183383,0.474879,0.188605,0.151211,0.050000
csi_20260916_1327_fall.csv,fall,11,1,0.958126,0.179069,0.474879,0.183519,0.154504,0.040000
csi_20260916_1327_fall.csv,fall,12,1,0.969858,0.166447,0.474879,0.176067,0.148247,0.030000
csi_20260916_1327_fall.csv,fall,13,1,0.985295,0.152441,0.302219,0.162876,0.144347,0.013333
csi_20260916_1327_fall.csv,fall,14,0,0.986431,0.144258,0.302219,0.157698,0.137852,0.010000
csi_20260916_1327_fall.csv,fall,15,0,0.990156,0.144594,0.302219,0.158161,0.134961,0.013333
csi_20260916_1327_fall.csv,fall,16,0,0.979915,0.144261,0.297098,0.157963,0.131941,0.016667
csi_20260916_1327_fall.csv,fall,17,0,0.989127,0.149438,0.368545,0.156872,0.133585,0.020000
csi_20260916_1327_fall.csv,fall,18,0,0.991492,0.149776,0.368545,0.149899,0.135714,0.016667
csi_20260916_1327_fall.csv,fall,19,0,0.953001,0.162568,0.368545,0.161555,0.142446,0.026667
csi_20260916_1327_fall.csv,fall,20,0,0.984424,0.173092,0.383345,0.173870,0.144068,0.043333
csi_20260916_1327_fall.csv,fall,21,0,0.960565,0.166004,0.426595,0.170844,0.141229,0.040000
csi_20260916_1327_fall.csv,fall,22,0,0.978082,0.162091,0.426595,0.169729,0.144062,0.026667
csi_20260916_1327_fall.csv,fall,23,0,0.968809,0.172995,0.426595,0.177965,0.149868,0.036667
csi_20260916_1327_fall.csv,fall,24,0,0.979434,0.178853,0.355210,0.179535,0.156109,0.036667
csi_20260916_1327_fall.csv,fall,25,0,0.973743,0.177666,0.378867,0.182066,0.155720,0.036667
csi_20260916_1327_fall.csv,fall,26,1,0.981212,0.175738,0.378867,0.179820,0.157809,0.030000
csi_20260916_1327_fall.csv,fall,27,1,0.914699,0.187418,0.378867,0.183835,0.166248,0.040000
csi_20260916_1327_fall.csv,fall,28,1,0.944208,0.185866,0.378867,0.184370,0.161672,0.043333
csi_20260916_1327_fall.csv,fall,29,1,0.865573,0.189140,0.445309,0.185648,0.163248,0.043333
csi_20260916_1327_fall.csv,fall,30,1,0.756953,0.184857,0.445309,0.182430,0.162590,0.036667
csi_20260916_1327_fall.csv,fall,31,1,0.780878,0.188809,0.445309,0.186681,0.162645,0.043333
csi_20260916_1327_fall.csv,fall,32,1,0.804480,0.191568,0.445309,0.187721,0.163475,0.046667
csi_20260916_1327_fall.csv,fall,33,1,0.902976,0.183814,0.445309,0.182661,0.162884,0.033333
csi_20260916_1327_fall.csv,fall,34,1,0.767692,0.187267,0.445309,0.180725,0.168098,0.030000
csi_20260916_1327_fall.csv,fall,35,1,0.655011,0.186659,0.399799,0.179756,0.171166,0.026667
csi_20260916_1327_fall.csv,fall,36,1,0.555008,0.197729,0.458850,0.187414,0.176770,0.036667
csi_20260916_1327_fall.csv,fall,37,1,0.795169,0.191990,0.458850,0.180613,0.175882,0.026667
csi_20260916_1327_fall.csv,fall,38,0,0.728064,0.191728,0.458850,0.179129,0.177619,0.023333
csi_20260916_1327_fall.csv,fall,39,0,0.854336,0.186220,0.458850,0.180277,0.170048,0.026667
csi_20260916_1327_fall.csv,fall,40,0,0.358885,0.187302,0.458850,0.181148,0.169749,0.033333
csi_20260916_1327_fall.csv,fall,41,0,0.874470,0.185809,0.358679,0.179812,0.162503,0.046667
csi_20260916_1327_fall.csv,fall,42,0,0.635836,0.198468,0.358679,0.189352,0.174538,0.046667
csi_20260916_1327_fall.csv,fall,43,0,0.316464,0.179311,0.370886,0.172422,0.166586,0.020000
csi_20260916_1327_fall.csv,fall,44,0,0.234431,0.158000,0.431022,0.169116,0.142543,0.023333
csi_20260916_1327_fall.csv,fall,45,0,0.749259,0.168724,0.431022,0.172141,0.153081,0.023333
csi_20260916_1327_fall.csv,fall,46,0,0.668959,0.179905,0.406817,0.176910,0.161031,0.030000
csi_20260916_1327_fall.csv,fall,47,0,0.144683,0.201982,0.498918,0.198955,0.153406,0.076667
csi_20260916_1327_fall.csv,fall,48,0,0.620676,0.188949,0.498918,0.193261,0.155248,0.053333
csi_20260916_1327_fall.csv,fall,49,0,0.651503,0.169100,0.373505,0.171818,0.162592,0.010000
csi_20260916_1327_fall.csv,fall,50,0,0.376609,0.180173,0.373505,0.178795,0.167663,0.020000
csi_20260916_1327_fall.csv,fall,51,0,0.633863,0.182412,0.422360,0.179847,0.166318,0.026667
csi_20260916_1327_fall.csv,fall,52,0,0.246836,0.201593,0.458906,0.200603,0.162790,0.066667
csi_20260916_1327_fall.csv,fall,53,0,0.598206,0.196223,0.458906,0.199607,0.150686,0.073333
csi_20260916_1327_fall.csv,fall,54,0,0.847170,0.159689,0.425712,0.168380,0.141155,0.026667
csi_20260916_1327_fall.csv,fall,55,0,0.940011,0.156741,0.396875,0.168931,0.140467,0.023333
csi_20260916_1327_fall.csv,fall,56,0,0.769033,0.156432,0.396875,0.170707,0.138908,0.026667
csi_20260916_1327_fall.csv,fall,57,0,0.869759,0.162466,0.396875,0.170622,0.144035,0.026667
csi_20260916_1327_fall.csv,fall,58,1,0.927206,0.170087,0.396875,0.172067,0.152674,0.026667
csi_20260916_1327_fall.csv,fall,59,1,0.946601,0.168898,0.396875,0.170212,0.151528,0.026667
csi_20260916_1327_fall.csv,fall,60,1,0.893917,0.174690,0.386954,0.167564,0.160529,0.023333
csi_20260916_1327_fall.csv,fall,61,1,0.851058,0.172958,0.386954,0.167601,0.161151,0.023333
csi_20260916_1327_fall.csv,fall,62,1,0.956746,0.181838,0.391126,0.170635,0.165356,0.026667
csi_20260916_1327_fall.csv,fall,63,1,0.957109,0.191049,0.391126,0.183956,0.166124,0.043333
csi_20260916_1327_fall.csv,fall,64,1,0.942754,0.191300,0.391126,0.186600,0.164392,0.046667
csi_20260916_1327_fall.csv,fall,65,1,0.948350,0.188274,0.391126,0.185553,0.162788,0.043333
csi_20260916_1327_fall.csv,fall,66,1,0.941776,0.190956,0.399325,0.189270,0.163569,0.046667
csi_20260916_1327_fall.csv,fall,67,1,0.871459,0.187336,0.399325,0.186373,0.164830,0.040000
csi_20260916_1327_fall.csv,fall,68,1,0.881457,0.184177,0.399325,0.183828,0.166250,0.033333
csi_20260916_1327_fall.csv,fall,69,1,0.777132,0.187091,0.399325,0.179952,0.171518,0.026667
csi_20260916_1327_fall.csv,fall,70,0,0.952884,0.180880,0.399325,0.176411,0.168675,0.020000
csi_20260916_1327_fall.csv,fall,71,0,0.934387,0.188210,0.430274,0.187251,0.166867,0.036667
csi_20260916_1327_fall.csv,fall,72,0,0.945388,0.181236,0.430274,0.186513,0.163624,0.030000
csi_20260916_1327_fall.csv,fall,73,0,0.925532,0.184169,0.430274,0.187632,0.165331,0.033333
csi_20260916_1327_fall.csv,fall,74,0,0.865407,0.172649,0.430274,0.190001,0.156807,0.030000
csi_20260916_1327_fall.csv,fall,75,0,0.876291,0.176923,0.499848,0.189959,0.153963,0.033333
csi_20260916_1327_fall.csv,fall,76,0,0.937311,0.190099,0.499848,0.184364,0.170801,0.030000
csi_20260916_1327_fall.csv,fall,77,0,0.876028,0.179241,0.443636,0.174185,0.172360,0.010000
csi_20260916_1327_fall.csv,fall,78,0,0.677307,0.175101,0.502332,0.175396,0.159932,0.023333
csi_20260916_1327_fall.csv,fall,79,0,0.392607,0.170773,0.502332,0.170556,0.159120,0.016667
csi_20260916_1327_fall.csv,fall,80,0,0.118177,0.173686,0.502332,0.177299,0.155872,0.026667
csi_20260916_1327_fall.csv,fall,81,1,0.337722,0.170272,0.502332,0.179308,0.150204,0.030000
csi_20260916_1327_fall.csv,fall,82,1,0.286070,0.175092,0.502332,0.182743,0.152979,0.033333
csi_20260916_1327_fall.csv,fall,83,1,0.853628,0.176054,0.502332,0.187205,0.149284,0.040000
csi_20260916_1327_fall.csv,fall,84,1,0.749274,0.170396,0.389504,0.184131,0.150825,0.030000
csi_20260916_1327_fall.csv,fall,85,1,0.937725,0.174621,0.389504,0.183862,0.153341,0.033333
csi_20260916_1327_fall.csv,fall,86,1,0.912514,0.177799,0.389504,0.180449,0.156243,0.036667
csi_20260916_1327_fall.csv,fall,87,1,0.950647,0.172658,0.389504,0.176661,0.152789,0.033333
csi_20260916_1327_fall.csv,fall,88,1,0.914620,0.173951,0.389504,0.174965,0.154179,0.033333
csi_20260916_1327_fall.csv,fall,89,1,0.972146,0.178246,0.369929,0.174606,0.160903,0.030000
csi_20260916_1327_fall.csv,fall,90,1,0.890807,0.181678,0.369929,0.177714,0.162125,0.033333
csi_20260916_1327_fall.csv,fall,91,1,0.902122,0.186362,0.369929,0.181084,0.165965,0.036667
csi_20260916_1327_fall.csv,fall,92,1,0.917363,0.188979,0.369929,0.176590,0.171800,0.026667
csi_20260916_1327_fall.csv,fall,93,1,0.933975,0.189745,0.369929,0.177009,0.172610,0.026667
csi_20260916_1327_fall.csv,fall,94,0,0.822173,0.188711,0.365828,0.179181,0.169725,0.030000
csi_20260916_1327_fall.csv,fall,95,0,0.769694,0.177832,0.365828,0.174119,0.163032,0.023333
csi_20260916_1327_fall.csv,fall,96,0,0.948616,0.171963,0.365828,0.174062,0.157366,0.023333
csi_20260916_1327_fall.csv,fall,97,0,0.963658,0.175928,0.513740,0.177467,0.154063,0.033333
csi_20260916_1327_fall.csv,fall,98,0,0.990743,0.171748,0.513740,0.167440,0.148889,0.033333
csi_20260916_1327_fall.csv,fall,99,0,0.984630,0.151670,0.315088,0.148940,0.140214,0.016667
csi_20260916_1327_fall.csv,fall,100,0,0.899879,0.161546,0.350964,0.156141,0.151828,0.016667
csi_20260916_1327_fall.csv,fall,101,0,0.979454,0.169160,0.351476,0.159796,0.158605,0.016667
csi_20260916_1327_fall.csv,fall,102,0,0.964652,0.168847,0.480962,0.166269,0.151329,0.026667
csi_20260916_1327_fall.csv,fall,103,0,0.953623,0.169217,0.480962,0.169514,0.149024,0.030000
csi_20260916_1327_fall.csv,fall,104,1,0.971905,0.172212,0.480962,0.173268,0.149502,0.033333
csi_20260916_1327_fall.csv,fall,105,1,0.957330,0.169871,0.480962,0.184165,0.136447,0.050000
csi_20260916_1327_fall.csv,fall,106,1,0.901762,0.185796,0.480962,0.201872,0.131756,0.083333
csi_20260916_1327_fall.csv,fall,107,1,0.978727,0.188220,0.480962,0.205273,0.128955,0.090000
csi_20260916_1327_fall.csv,fall,108,1,0.961151,0.205006,0.487560,0.211382,0.135752,0.110000
csi_20260916_1327_fall.csv,fall,109,1,0.982235,0.209207,0.487560,0.209929,0.142880,0.106667
csi_20260916_1327_fall.csv,fall,110,1,0.963502,0.209092,0.487560,0.209541,0.148740,0.103333
csi_20260916_1327_fall.csv,fall,111,1,0.985086,0.197633,0.487560,0.200712,0.150251,0.080000
csi_20260916_1327_fall.csv,fall,112,1,0.973439,0.177949,0.487560,0.185293,0.151412,0.043333
csi_20260916_1327_fall.csv,fall,113,1,0.951888,0.177803,0.487560,0.183741,0.154626,0.040000
csi_20260916_1327_fall.csv,fall,114,1,0.974974,0.168846,0.354167,0.166021,0.161483,0.013333
csi_20260916_1327_fall.csv,fall,115,1,0.919702,0.172370,0.354167,0.171093,0.159750,0.023333
csi_20260916_1327_fall.csv,fall,116,0,0.982147,0.169880,0.379320,0.171002,0.156739,0.023333
csi_20260916_1327_fall.csv,fall,117,0,0.984351,0.173067,0.379320,0.175187,0.160084,0.023333
csi_20260916_1327_fall.csv,fall,118,0,0.953640,0.181110,0.432283,0.182467,0.162621,0.033333
csi_20260916_1327_fall.csv,fall,119,0,0.977188,0.181420,0.432283,0.188003,0.161637,0.033333
csi_20260916_1327_fall.csv,fall,120,0,0.933022,0.180870,0.471544,0.191493,0.157055,0.040000
csi_20260916_1327_fall.csv,fall,121,0,0.950020,0.180158,0.471544,0.191842,0.153317,0.043333
csi_20260916_1327_fall.csv,fall,122,1,0.972044,0.180338,0.471544,0.191142,0.152393,0.046667
csi_20260916_1327_fall.csv,fall,123,1,0.938079,0.182609,0.471544,0.189356,0.155659,0.043333
csi_20260916_1327_fall.csv,fall,124,1,0.910309,0.178484,0.471544,0.184441,0.155497,0.036667
csi_20260916_1327_fall.csv,fall,125,1,0.851574,0.172977,0.471544,0.182119,0.152108,0.033333
csi_20260916_1327_fall.csv,fall,126,1,0.895958,0.167817,0.333535,0.173802,0.158020,0.016667
csi_20260916_1327_fall.csv,fall,127,1,0.745410,0.173604,0.333535,0.174691,0.163572,0.016667
csi_20260916_1327_fall.csv,fall,128,1,0.501495,0.182150,0.405135,0.179127,0.166878,0.026667
csi_20260916_1327_fall.csv,fall,129,1,0.821359,0.179157,0.405135,0.174548,0.166954,0.020000
csi_20260916_1327_fall.csv,fall,130,1,0.399965,0.176273,0.405135,0.178455,0.159831,0.026667
csi_20260916_1327_fall.csv,fall,131,1,0.886144,0.181734,0.405135,0.180573,0.163507,0.030000
csi_20260916_1327_fall.csv,fall,132,1,0.960292,0.185634,0.448439,0.186485,0.158796,0.043333
csi_20260916_1327_fall.csv,fall,133,1,0.974276,0.179852,0.448439,0.182479,0.158082,0.036667
csi_20260916_1327_fall.csv,fall,134,0,0.972778,0.178671,0.448439,0.180677,0.158318,0.033333
csi_20260916_1327_fall.csv,fall,135,0,0.937098,0.181188,0.448439,0.189619,0.152401,0.053333
csi_20260916_1327_fall.csv,fall,136,0,0.988716,0.185785,0.448439,0.187252,0.155389,0.053333
csi_20260916_1327_fall.csv,fall,137,0,0.968898,0.176095,0.416301,0.186293,0.152952,0.040000
csi_20260916_1327_fall.csv,fall,138,0,0.947708,0.173410,0.416301,0.177750,0.158190,0.026667
csi_20260916_1327_fall.csv,fall,139,0,0.902682,0.183395,0.432033,0.184411,0.165346,0.033333
csi_20260916_1327_fall.csv,fall,140,0,0.982771,0.183460,0.432033,0.181161,0.166857,0.026667
csi_20260916_1327_fall.csv,fall,141,0,0.935171,0.187914,0.432033,0.186811,0.165865,0.040000
csi_20260916_1327_fall.csv,fall,142,0,0.967927,0.188752,0.372270,0.189344,0.166283,0.043333
csi_20260916_1327_fall.csv,fall,143,1,0.953225,0.191305,0.372270,0.188853,0.168172,0.043333
csi_20260916_1327_fall.csv,fall,144,1,0.979610,0.187699,0.372270,0.190456,0.164235,0.043333
csi_20260916_1327_fall.csv,fall,145,1,0.983507,0.178758,0.372270,0.186473,0.156773,0.040000
csi_20260916_1327_fall.csv,fall,146,1,0.938043,0.175952,0.372270,0.185799,0.155283,0.040000
csi_20260916_1327_fall.csv,fall,147,1,0.958733,0.171870,0.372270,0.176629,0.155927,0.026667
csi_20260916_1327_fall.csv,fall,148,1,0.979048,0.171058,0.371269,0.174695,0.156463,0.023333
csi_20260916_1327_fall.csv,fall,149,1,0.983355,0.166689,0.371269,0.172123,0.153486,0.020000
csi_20260916_1327_fall.csv,fall,150,1,0.982622,0.170135,0.371269,0.172721,0.154487,0.023333
csi_20260916_1327_fall.csv,fall,151,1,0.988942,0.169372,0.371269,0.175498,0.154836,0.023333
csi_20260916_1327_fall.csv,fall,152,1,0.968720,0.169839,0.371269,0.175530,0.153570,0.023333
csi_20260916_1327_fall.csv,fall,153,1,0.976717,0.172598,0.371269,0.176944,0.153792,0.026667
csi_20260916_1327_fall.csv,fall,154,1,0.981822,0.169553,0.368142,0.176290,0.147524,0.030000
csi_20260916_1327_fall.csv,fall,155,0,0.874265,0.174427,0.368142,0.176574,0.154254,0.030000
csi_20260916_1327_fall.csv,fall,156,0,0.923974,0.180864,0.355946,0.180026,0.158187,0.033333
csi_20260916_1327_fall.csv,fall,157,0,0.956507,0.195092,0.444739,0.188523,0.161763,0.053333
csi_20260916_1327_fall.csv,fall,158,0,0.960551,0.202308,0.478122,0.194466,0.163535,0.063333
csi_20260916_1327_fall.csv,fall,159,0,0.861578,0.198813,0.478122,0.195067,0.164374,0.063333
csi_20260916_1327_fall.csv,fall,160,0,0.425892,0.196723,0.454492,0.195485,0.160510,0.063333
csi_20260916_1327_fall.csv,fall,161,0,0.794269,0.188152,0.454492,0.189409,0.156230,0.053333
csi_20260916_1327_fall.csv,fall,162,0,0.962854,0.172281,0.400352,0.175619,0.150091,0.033333
csi_20260916_1327_fall.csv,fall,163,0,0.972377,0.164165,0.400352,0.174819,0.141617,0.033333
csi_20260916_1327_fall.csv,fall,164,0,0.853765,0.176482,0.400352,0.185464,0.143610,0.050000
csi_20260916_1327_fall.csv,fall,165,0,0.862637,0.173379,0.400352,0.182922,0.144945,0.043333
csi_20260916_1327_fall.csv,fall,166,1,0.903270,0.173240,0.400352,0.182903,0.144793,0.043333
csi_20260916_1327_fall.csv,fall,167,1,0.729985,0.171480,0.367205,0.182182,0.146426,0.040000
csi_20260916_1327_fall.csv,fall,168,1,0.919783,0.169756,0.434032,0.179407,0.149647,0.033333
csi_20260916_1327_fall.csv,fall,169,1,0.971160,0.186983,0.477410,0.188107,0.154884,0.050000
csi_20260916_1327_fall.csv,fall,170,1,0.967417,0.184350,0.477410,0.183092,0.158462,0.040000
csi_20260916_1327_fall.csv,fall,171,1,0.969534,0.187273,0.477410,0.184885,0.159087,0.043333
csi_20260916_1327_fall.csv,fall,172,1,0.888404,0.190205,0.477410,0.187458,0.160253,0.046667
csi_20260916_1327_fall.csv,fall,173,1,0.891949,0.194478,0.477410,0.193056,0.156682,0.056667
csi_20260916_1327_fall.csv,fall,174,1,0.628575,0.198175,0.477410,0.192513,0.162457,0.056667
csi_20260916_1327_fall.csv,fall,175,1,0.282710,0.193272,0.464297,0.190239,0.161219,0.053333
csi_20260916_1327_fall.csv,fall,176,1,0.887060,0.189876,0.464297,0.186750,0.159780,0.046667
csi_20260916_1327_fall.csv,fall,177,1,0.947653,0.183300,0.464297,0.183833,0.155142,0.043333
csi_20260916_1327_fall.csv,fall,178,1,0.967643,0.182135,0.464297,0.182679,0.155945,0.040000
csi_20260916_1327_fall.csv,fall,179,0,0.969794,0.182220,0.397963,0.181308,0.160332,0.036667
csi_20260916_1327_fall.csv,fall,180,0,0.974299,0.178450,0.484382,0.181645,0.151061,0.040000
csi_20260916_1327_fall.csv,fall,181,0,0.987670,0.175042,0.484382,0.175730,0.145781,0.040000
csi_20260916_1327_fall.csv,fall,182,0,0.975949,0.179375,0.471690,0.184146,0.150839,0.043333
csi_20260916_1327_fall.csv,fall,183,0,0.937964,0.181888,0.471690,0.197105,0.156797,0.050000
csi_20260916_1327_fall.csv,fall,184,0,0.961295,0.180810,0.399668,0.189843,0.161282,0.040000
csi_20260916_1327_fall.csv,fall,185,0,0.849717,0.192995,0.412333,0.187206,0.167297,0.043333
csi_20260916_1327_fall.csv,fall,186,0,0.983310,0.197056,0.501181,0.192281,0.161166,0.056667
csi_20260916_1327_fall.csv,fall,187,0,0.976666,0.174037,0.501181,0.181326,0.152030,0.033333
csi_20260916_1327_fall.csv,fall,188,0,0.975632,0.161019,0.310127,0.172643,0.148313,0.020000
csi_20260916_1327_fall.csv,fall,189,0,0.944480,0.163576,0.383019,0.175062,0.149890,0.020000
csi_20260916_1327_fall.csv,fall,190,1,0.939002,0.162056,0.383019,0.172451,0.150353,0.016667
csi_20260916_1327_fall.csv,fall,191,1,0.827148,0.163760,0.383019,0.179121,0.145673,0.026667
csi_20260916_1327_fall.csv,fall,192,1,0.899690,0.164352,0.383019,0.180647,0.145311,0.026667
csi_20260916_1327_fall.csv,fall,193,1,0.944452,0.168518,0.383019,0.183398,0.149014,0.030000
csi_20260916_1327_fall.csv,fall,194,1,0.594494,0.163800,0.392147,0.181750,0.145877,0.030000
csi_20260916_1327_fall.csv,fall,195,1,0.868300,0.166824,0.417169,0.181656,0.144565,0.033333
csi_20260916_1327_fall.csv,fall,196,1,0.977463,0.172344,0.417169,0.181181,0.147907,0.036667
csi_20260916_1327_fall.csv,fall,197,1,0.969506,0.180756,0.417169,0.177700,0.161730,0.030000
csi_20260916_1327_fall.csv,fall,198,1,0.961775,0.188252,0.417169,0.180551,0.165503,0.036667
csi_20260916_1327_fall.csv,fall,199,1,0.899733,0.194608,0.417169,0.188555,0.164641,0.050000
csi_20260916_1327_fall.csv,fall,200,1,0.884972,0.216254,0.504277,0.211624,0.168059,0.100000
csi_20260916_1327_fall.csv,fall,201,1,0.976781,0.219143,0.504277,0.211970,0.165892,0.103333
csi_20260916_1327_fall.csv,fall,202,0,0.968394,0.218985,0.504277,0.212493,0.163397,0.106667
csi_20260916_1327_fall.csv,fall,203,0,0.946635,0.217639,0.504277,0.216105,0.157405,0.113333
csi_20260916_1327_fall.csv,fall,204,0,0.931015,0.221047,0.504277,0.215806,0.161903,0.113333
csi_20260916_1327_fall.csv,fall,205,0,0.948348,0.207524,0.504277,0.207841,0.158581,0.093333
csi_20260916_1327_fall.csv,fall,206,0,0.955228,0.176315,0.389818,0.181665,0.155653,0.033333
csi_20260916_1327_fall.csv,fall,207,0,0.671460,0.187725,0.479420,0.189551,0.157489,0.046667
csi_20260916_1327_fall.csv,fall,208,0,0.952679,0.190233,0.479420,0.186192,0.160747,0.046667
csi_20260916_1327_fall.csv,fall,209,0,0.979435,0.167068,0.367230,0.170854,0.147896,0.026667
csi_20260916_1327_fall.csv,fall,210,0,0.970472,0.182664,0.389195,0.184062,0.150064,0.050000
csi_20260916_1327_fall.csv,fall,211,0,0.957878,0.206373,0.458426,0.199380,0.162535,0.073333
csi_20260916_1327_fall.csv,fall,212,0,0.913857,0.203406,0.458426,0.189763,0.166583,0.060000
csi_20260916_1327_fall.csv,fall,213,0,0.954147,0.199152,0.458426,0.189258,0.161479,0.060000
csi_20260916_1327_fall.csv,fall,214,0,0.961567,0.183236,0.412901,0.179975,0.151684,0.050000
csi_20260916_1327_fall.csv,fall,215,0,0.985637,0.178732,0.412901,0.175800,0.149336,0.046667
csi_20260916_1327_fall.csv,fall,216,1,0.988629,0.177857,0.412901,0.173721,0.147466,0.046667
csi_20260916_1327_fall.csv,fall,217,1,0.988026,0.178852,0.362429,0.169428,0.154882,0.036667
csi_20260916_1327_fall.csv,fall,218,1,0.972618,0.180889,0.421298,0.174058,0.155591,0.040000
csi_20260916_1327_fall.csv,fall,219,1,0.929994,0.182987,0.444929,0.173449,0.163143,0.033333
csi_20260916_1327_fall.csv,fall,220,1,0.801416,0.202516,0.444929,0.193404,0.167569,0.060000
csi_20260916_1327_fall.csv,fall,221,1,0.840851,0.196970,0.444929,0.190562,0.166467,0.053333
csi_20260916_1327_fall.csv,fall,222,1,0.687722,0.206219,0.453590,0.198109,0.170569,0.066667
csi_20260916_1327_fall.csv,fall,223,1,0.411612,0.213397,0.453590,0.208943,0.161362,0.093333
csi_20260916_1327_fall.csv,fall,224,1,0.966071,0.226496,0.453590,0.212616,0.170425,0.100000
csi_20260916_1327_fall.csv,fall,225,1,0.973648,0.229403,0.453590,0.216019,0.166026,0.110000
csi_20260916_1327_fall.csv,fall,226,1,0.968777,0.222606,0.453590,0.211214,0.164994,0.096667
csi_20260916_1327_fall.csv,fall,227,1,0.980635,0.229418,0.453590,0.212578,0.170964,0.100000
csi_20260916_1327_fall.csv,fall,228,0,0.939219,0.223690,0.417911,0.210133,0.166473,0.093333
csi_20260916_1327_fall.csv,fall,229,0,0.957606,0.216165,0.408216,0.208556,0.163077,0.090000
csi_20260916_1327_fall.csv,fall,230,0,0.918554,0.212484,0.387618,0.208588,0.159569,0.090000
csi_20260916_1327_fall.csv,fall,231,0,0.963899,0.218321,0.402375,0.207253,0.161585,0.096667
csi_20260916_1327_fall.csv,fall,232,0,0.973794,0.203126,0.402375,0.191459,0.149571,0.083333
csi_20260916_1327_fall.csv,fall,233,0,0.949063,0.188281,0.397295,0.183486,0.144519,0.070000
csi_20260916_1327_fall.csv,fall,234,0,0.428597,0.195769,0.459187,0.195786,0.147275,0.073333
csi_20260916_1327_fall.csv,fall,235,0,0.405123,0.205190,0.512419,0.202056,0.149773,0.086667
csi_20260916_1327_fall.csv,fall,236,0,0.941030,0.203927,0.512419,0.203700,0.144693,0.090000
csi_20260916_1327_fall.csv,fall,237,0,0.909114,0.208715,0.512419,0.204917,0.146455,0.096667
csi_20260916_1327_fall.csv,fall,238,0,0.928906,0.204367,0.512419,0.203678,0.144318,0.096667
csi_20260916_1327_fall.csv,fall,239,1,0.075443,0.201569,0.512419,0.198890,0.135347,0.106667
csi_20260916_1327_fall.csv,fall,240,1,0.798895,0.205302,0.512419,0.198642,0.136870,0.106667
csi_20260916_1327_fall.csv,fall,241,1,0.855415,0.207191,0.387515,0.200200,0.136161,0.113333
csi_20260916_1327_fall.csv,fall,242,1,0.676075,0.208249,0.387515,0.199287,0.139489,0.113333
csi_20260916_1327_fall.csv,fall,243,1,0.240885,0.204901,0.387515,0.201488,0.138570,0.110000
csi_20260916_1327_fall.csv,fall,244,1,0.602024,0.206491,0.417638,0.201073,0.143930,0.100000
csi_20260916_1327_fall.csv,fall,245,1,0.763618,0.214492,0.417638,0.201709,0.155594,0.100000
csi_20260916_1340_fall.csv,fall,0,0,0.059096,0.172342,0.450864,0.189800,0.149060,0.043333
csi_20260916_1340_fall.csv,fall,1,0,0.053105,0.181551,0.450864,0.190494,0.158310,0.040000
csi_20260916_1340_fall.csv,fall,2,0,0.087271,0.181083,0.450864,0.193835,0.153900,0.046667
csi_20260916_1340_fall.csv,fall,3,0,0.043363,0.187211,0.450864,0.197526,0.157057,0.053333
csi_20260916_1340_fall.csv,fall,4,1,0.052287,0.179134,0.450864,0.197994,0.150200,0.050000
csi_20260916_1340_fall.csv,fall,5,1,0.076072,0.175221,0.377526,0.190077,0.155632,0.036667
csi_20260916_1340_fall.csv,fall,6,1,0.306253,0.164287,0.364286,0.188980,0.142606,0.036667
csi_20260916_1340_fall.csv,fall,7,1,0.337417,0.163303,0.364286,0.186805,0.143914,0.033333
csi_20260916_1340_fall.csv,fall,8,1,0.532793,0.165025,0.375687,0.188518,0.144303,0.036667
csi_20260916_1340_fall.csv,fall,9,1,0.119164,0.163406,0.375687,0.187708,0.140752,0.036667
csi_20260916_1340_fall.csv,fall,10,1,0.252018,0.169877,0.375687,0.191105,0.146024,0.043333
csi_20260916_1340_fall.csv,fall,11,1,0.646584,0.170864,0.375687,0.194833,0.143769,0.053333
csi_20260916_1340_fall.csv,fall,12,1,0.425257,0.175435,0.375687,0.197880,0.144669,0.060000
csi_20260916_1340_fall.csv,fall,13,1,0.689460,0.178635,0.375687,0.196333,0.150287,0.056667
csi_20260916_1340_fall.csv,fall,14,1,0.763031,0.175537,0.324228,0.192883,0.150172,0.050000
csi_20260916_1340_fall.csv,fall,15,1,0.925485,0.177335,0.467738,0.195398,0.147249,0.056667
csi_20260916_1340_fall.csv,fall,16,1,0.979398,0.171581,0.467738,0.188038,0.144789,0.046667
csi_20260916_1340_fall.csv,fall,17,1,0.984074,0.164546,0.467738,0.181048,0.143196,0.033333
csi_20260916_1340_fall.csv,fall,18,1,0.976586,0.167076,0.467738,0.176688,0.144502,0.033333
csi_20260916_1340_fall.csv,fall,19,1,0.897092,0.164427,0.467738,0.176738,0.139545,0.036667
csi_20260916_1340_fall.csv,fall,20,1,0.976237,0.164974,0.467738,0.177911,0.144478,0.033333
csi_20260916_1340_fall.csv,fall,21,1,0.822676,0.164870,0.325193,0.173485,0.150239,0.023333
csi_20260916_1340_fall.csv,fall,22,1,0.223632,0.179930,0.475134,0.183472,0.159973,0.033333
csi_20260916_1340_fall.csv,fall,23,1,0.145262,0.183003,0.475134,0.187112,0.161333,0.036667
csi_20260916_1340_fall.csv,fall,24,1,0.530492,0.181652,0.475134,0.187079,0.160933,0.036667
csi_20260916_1340_fall.csv,fall,25,1,0.914859,0.182181,0.475134,0.190399,0.158080,0.043333
csi_20260916_1340_fall.csv,fall,26,1,0.923379,0.181423,0.475134,0.190646,0.152854,0.050000
csi_20260916_1340_fall.csv,fall,27,1,0.979793,0.182276,0.475134,0.191706,0.150168,0.053333
csi_20260916_1340_fall.csv,fall,28,0,0.962789,0.175176,0.450121,0.185238,0.144564,0.050000
csi_20260916_1340_fall.csv,fall,29,0,0.974611,0.180347,0.450121,0.184497,0.145762,0.056667
csi_20260916_1340_fall.csv,fall,30,0,0.978477,0.173628,0.450121,0.181528,0.140582,0.053333
csi_20260916_1340_fall.csv,fall,31,1,0.986699,0.167715,0.450121,0.175882,0.143381,0.040000
csi_20260916_1340_fall.csv,fall,32,1,0.980676,0.166385,0.450121,0.177519,0.141660,0.040000
csi_20260916_1340_fall.csv,fall,33,1,0.984001,0.162044,0.333502,0.175354,0.141615,0.033333
csi_20260916_1340_fall.csv,fall,34,1,0.985011,0.164259,0.333502,0.180999,0.142275,0.036667
csi_20260916_1340_fall.csv,fall,35,1,0.584600,0.168103,0.330872,0.186162,0.141755,0.046667
csi_20260916_1340_fall.csv,fall,36,1,0.229411,0.179172,0.368226,0.188102,0.155077,0.046667
csi_20260916_1340_fall.csv,fall,37,1,0.222658,0.199525,0.383817,0.194517,0.167823,0.063333
csi_20260916_1340_fall.csv,fall,38,1,0.147783,0.202376,0.383817,0.195782,0.170538,0.066667
csi_20260916_1340_fall.csv,fall,39,1,0.059692,0.204825,0.383817,0.196218,0.170798,0.073333
csi_20260916_1340_fall.csv,fall,40,1,0.096607,0.207156,0.383817,0.196072,0.172965,0.073333
csi_20260916_1340_fall.csv,fall,41,1,0.076432,0.208622,0.395128,0.201743,0.172487,0.076667
csi_20260916_1340_fall.csv,fall,42,1,0.960374,0.205520,0.487475,0.209534,0.160564,0.086667
csi_20260916_1340_fall.csv,fall,43,0,0.810035,0.198489,0.487475,0.207884,0.153093,0.083333
csi_20260916_1340_fall.csv,fall,44,0,0.859403,0.192097,0.487475,0.205117,0.151278,0.073333
csi_20260916_1340_fall.csv,fall,45,0,0.132632,0.192375,0.487475,0.206555,0.151233,0.076667
csi_20260916_1340_fall.csv,fall,46,0,0.662968,0.181400,0.487475,0.198561,0.145800,0.060000
csi_20260916_1340_fall.csv,fall,47,0,0.973004,0.190962,0.422113,0.204388,0.149304,0.073333
csi_20260916_1340_fall.csv,fall,48,0,0.948452,0.187075,0.422113,0.203288,0.150135,0.066667
csi_20260916_1340_fall.csv,fall,49,0,0.828467,0.198239,0.422113,0.205861,0.156120,0.076667
csi_20260916_1340_fall.csv,fall,50,1,0.971713,0.196123,0.422113,0.203824,0.154404,0.073333
csi_20260916_1340_fall.csv,fall,51,1,0.815844,0.199223,0.422113,0.201980,0.154150,0.080000
csi_20260916_1340_fall.csv,fall,52,1,0.429647,0.208472,0.422113,0.203654,0.155576,0.093333
csi_20260916_1340_fall.csv,fall,53,1,0.041890,0.206746,0.407307,0.197270,0.161753,0.080000
csi_20260916_1340_fall.csv,fall,54,1,0.053876,0.207565,0.418644,0.203086,0.155854,0.090000
csi_20260916_1340_fall.csv,fall,55,1,0.026144,0.205500,0.418644,0.203589,0.153708,0.090000
csi_20260916_1340_fall.csv,fall,56,1,0.040799,0.209079,0.418644,0.203925,0.156926,0.090000
csi_20260916_1340_fall.csv,fall,57,1,0.036673,0.215816,0.418644,0.203136,0.165238,0.090000
csi_20260916_1340_fall.csv,fall,58,1,0.050835,0.213660,0.418644,0.201156,0.170724,0.080000
csi_20260916_1340_fall.csv,fall,59,1,0.036072,0.197212,0.456092,0.201741,0.156466,0.076667
csi_20260916_1340_fall.csv,fall,60,1,0.044302,0.201629,0.456092,0.199677,0.165246,0.066667
csi_20260916_1340_fall.csv,fall,61,1,0.047639,0.197078,0.456092,0.201190,0.160303,0.070000
csi_20260916_1340_fall.csv,fall,62,0,0.025890,0.200000,0.456092,0.202862,0.162292,0.073333
csi_20260916_1340_fall.csv,fall,63,0,0.031616,0.200552,0.456092,0.206335,0.158653,0.080000
csi_20260916_1340_fall.csv,fall,64,0,0.047238,0.205695,0.456092,0.206842,0.160757,0.083333
csi_20260916_1340_fall.csv,fall,65,0,0.050131,0.220063,0.387614,0.202724,0.175769,0.083333
csi_20260916_1340_fall.csv,fall,66,0,0.028495,0.210372,0.367108,0.197009,0.172469,0.073333
csi_20260916_1340_fall.csv,fall,67,0,0.023374,0.215606,0.373053,0.197528,0.174798,0.080000
csi_20260916_1340_fall.csv,fall,68,0,0.064238,0.219539,0.434934,0.195894,0.180206,0.076667
csi_20260916_1340_fall.csv,fall,69,0,0.026947,0.199318,0.434934,0.198113,0.154604,0.080000
csi_20260916_1340_fall.csv,fall,70,0,0.024004,0.206185,0.377601,0.199544,0.161574,0.083333
csi_20260916_1340_fall.csv,fall,71,0,0.077686,0.218251,0.381630,0.203937,0.178636,0.076667
csi_20260916_1340_fall.csv,fall,72,0,0.020406,0.232810,0.399706,0.212354,0.176740,0.110000
csi_20260916_1340_fall.csv,fall,73,0,0.036966,0.245822,0.403462,0.217718,0.175183,0.133333
csi_20260916_1340_fall.csv,fall,74,0,0.030047,0.231581,0.407544,0.212899,0.161144,0.123333
csi_20260916_1340_fall.csv,fall,75,0,0.028436,0.208175,0.407544,0.204163,0.152521,0.100000
csi_20260916_1340_fall.csv,fall,76,0,0.036209,0.204700,0.376673,0.195963,0.165221,0.073333
csi_20260916_1340_fall.csv,fall,77,0,0.026054,0.218409,0.377385,0.196229,0.180958,0.073333
csi_20260916_1340_fall.csv,fall,78,0,0.067990,0.223551,0.401880,0.204030,0.174848,0.090000
csi_20260916_1340_fall.csv,fall,79,0,0.028903,0.236868,0.447051,0.217683,0.172062,0.123333
csi_20260916_1340_fall.csv,fall,80,0,0.025761,0.243742,0.447051,0.216325,0.175226,0.136667
csi_20260916_1340_fall.csv,fall,81,0,0.031510,0.231788,0.385797,0.208516,0.172618,0.113333
csi_20260916_1340_fall.csv,fall,82,0,0.081112,0.214256,0.385797,0.204379,0.161551,0.096667
csi_20260916_1340_fall.csv,fall,83,0,0.060490,0.225400,0.449946,0.211272,0.161660,0.116667
csi_20260916_1340_fall.csv,fall,84,0,0.032342,0.249643,0.449946,0.216453,0.182583,0.130000
csi_20260916_1340_fall.csv,fall,85,0,0.028487,0.227472,0.406711,0.211131,0.171051,0.106667
csi_20260916_1340_fall.csv,fall,86,0,0.023346,0.213385,0.420423,0.206432,0.160704,0.096667
csi_20260916_1340_fall.csv,fall,87,0,0.030008,0.217388,0.420423,0.205085,0.164952,0.096667
csi_20260916_1340_fall.csv,fall,88,0,0.029880,0.235681,0.454147,0.213906,0.180124,0.110000
csi_20260916_1340_fall.csv,fall,89,0,0.023805,0.242585,0.454147,0.218823,0.179044,0.123333
csi_20260916_1340_fall.csv,fall,90,0,0.024441,0.238644,0.434216,0.218187,0.171016,0.126667
csi_20260916_1340_fall.csv,fall,91,0,0.027648,0.246864,0.434216,0.214055,0.178023,0.130000
csi_20260916_1340_fall.csv,fall,92,0,0.019948,0.241589,0.428604,0.209389,0.172931,0.126667
csi_20260916_1340_fall.csv,fall,93,0,0.027982,0.240161,0.428604,0.212053,0.168559,0.130000
csi_20260916_1340_fall.csv,fall,94,0,0.017451,0.244646,0.446486,0.216095,0.173178,0.133333
csi_20260916_1340_fall.csv,fall,95,0,0.025590,0.249779,0.446486,0.216738,0.178224,0.136667
csi_20260916_1340_fall.csv,fall,96,0,0.024720,0.254948,0.434303,0.215354,0.181284,0.136667
csi_20260916_1340_fall.csv,fall,97,0,0.037991,0.251852,0.434303,0.211590,0.177807,0.136667
csi_20260916_1340_fall.csv,fall,98,0,0.068696,0.234371,0.439710,0.213507,0.163728,0.123333
csi_20260916_1340_fall.csv,fall,99,0,0.107670,0.229693,0.439710,0.218700,0.156856,0.123333
csi_20260916_1340_fall.csv,fall,100,0,0.030497,0.235614,0.439056,0.211028,0.171508,0.116667
csi_20260916_1340_fall.csv,fall,101,0,0.032605,0.237202,0.392841,0.212835,0.176125,0.113333
csi_20260916_1340_fall.csv,fall,102,0,0.038154,0.255814,0.418557,0.226229,0.167069,0.163333
csi_20260916_1340_fall.csv,fall,103,0,0.042490,0.263646,0.457347,0.227994,0.175474,0.166667
csi_20260916_1340_fall.csv,fall,104,0,0.028307,0.245479,0.457347,0.224858,0.167792,0.140000
csi_20260916_1340_fall.csv,fall,105,0,0.052292,0.247909,0.426871,0.219738,0.181534,0.130000
csi_20260916_1340_fall.csv,fall,106,0,0.037372,0.243889,0.426871,0.213778,0.181097,0.123333
csi_20260916_1340_fall.csv,fall,107,0,0.027309,0.240607,0.416492,0.216994,0.168022,0.136667
csi_20260916_1340_fall.csv,fall,108,0,0.071478,0.241585,0.416492,0.219985,0.158672,0.146667
csi_20260916_1340_fall.csv,fall,109,0,0.023926,0.242847,0.409857,0.220457,0.153199,0.153333
csi_20260916_1340_fall.csv,fall,110,0,0.024530,0.231508,0.409857,0.215014,0.150134,0.140000
csi_20260916_1340_fall.csv,fall,111,0,0.025952,0.221650,0.489016,0.212351,0.146669,0.126667
csi_20260916_1340_fall.csv,fall,112,0,0.026134,0.236575,0.489016,0.220551,0.151769,0.143333
csi_20260916_1340_fall.csv,fall,113,0,0.095933,0.245572,0.426481,0.221165,0.166048,0.143333
csi_20260916_1340_fall.csv,fall,114,0,0.024564,0.258043,0.413998,0.220208,0.183301,0.143333
csi_20260916_1340_fall.csv,fall,115,0,0.043587,0.270342,0.421475,0.224115,0.196040,0.153333
csi_20260916_1340_fall.csv,fall,116,0,0.031474,0.264074,0.421475,0.224177,0.192910,0.150000
csi_20260916_1340_fall.csv,fall,117,0,0.041216,0.258544,0.442460,0.223874,0.177623,0.160000
csi_20260916_1340_fall.csv,fall,118,0,0.026985,0.255811,0.442460,0.226569,0.170641,0.160000
csi_20260916_1340_fall.csv,fall,119,0,0.049524,0.239830,0.413957,0.222311,0.160148,0.140000
csi_20260916_1340_fall.csv,fall,120,0,0.024436,0.247832,0.419267,0.218888,0.166826,0.146667
csi_20260916_1340_fall.csv,fall,121,0,0.024283,0.255455,0.419267,0.217779,0.177097,0.150000
csi_20260916_1340_fall.csv,fall,122,0,0.025126,0.241676,0.414667,0.214759,0.171484,0.130000
csi_20260916_1340_fall.csv,fall,123,0,0.058303,0.223330,0.409049,0.205676,0.161386,0.110000
csi_20260916_1340_fall.csv,fall,124,0,0.087803,0.221475,0.402332,0.213415,0.149444,0.126667
csi_20260916_1340_fall.csv,fall,125,0,0.044951,0.240526,0.415595,0.219719,0.159784,0.146667
csi_20260916_1340_fall.csv,fall,126,0,0.079692,0.250158,0.415595,0.212745,0.177976,0.136667
csi_20260916_1340_fall.csv,fall,127,0,0.046573,0.243411,0.409586,0.213561,0.177449,0.126667
csi_20260916_1340_fall.csv,fall,128,0,0.033274,0.230263,0.411161,0.212839,0.165647,0.120000
csi_20260916_1340_fall.csv,fall,129,0,0.058968,0.236836,0.456305,0.219692,0.165671,0.136667
csi_20260916_1340_fall.csv,fall,130,0,0.022589,0.261082,0.462919,0.226964,0.171993,0.170000
csi_20260916_1340_fall.csv,fall,131,0,0.045029,0.261812,0.465500,0.226397,0.166501,0.173333
csi_20260916_1340_fall.csv,fall,132,0,0.031332,0.253183,0.465500,0.224738,0.168317,0.160000
csi_20260916_1340_fall.csv,fall,133,0,0.073008,0.266668,0.455451,0.226654,0.176117,0.173333
csi_20260916_1340_fall.csv,fall,134,0,0.032128,0.244691,0.472193,0.226782,0.157984,0.166667
csi_20260916_1340_fall.csv,fall,135,0,0.036842,0.230445,0.472193,0.223167,0.149424,0.156667
csi_20260916_1340_fall.csv,fall,136,0,0.027752,0.251013,0.456902,0.223911,0.156180,0.170000
csi_20260916_1340_fall.csv,fall,137,0,0.089468,0.245872,0.456902,0.218099,0.170049,0.140000
csi_20260916_1340_fall.csv,fall,138,0,0.042548,0.240172,0.418979,0.220741,0.161689,0.150000
csi_20260916_1340_fall.csv,fall,139,0,0.059200,0.231197,0.418979,0.222132,0.146271,0.153333
csi_20260916_1340_fall.csv,fall,140,0,0.043794,0.239290,0.433166,0.223292,0.158678,0.143333
csi_20260916_1340_fall.csv,fall,141,0,0.047561,0.259076,0.433166,0.227954,0.169514,0.163333
csi_20260916_1340_fall.csv,fall,142,0,0.064287,0.251071,0.476291,0.225580,0.158681,0.163333
csi_20260916_1340_fall.csv,fall,143,0,0.046724,0.270287,0.476291,0.233418,0.167247,0.193333
csi_20260916_1340_fall.csv,fall,144,0,0.065732,0.266112,0.466753,0.233671,0.163370,0.186667
csi_20260916_1340_fall.csv,fall,145,0,0.029124,0.238743,0.439763,0.225769,0.149907,0.156667
csi_20260916_1340_fall.csv,fall,146,0,0.133037,0.246481,0.414392,0.222806,0.156511,0.156667
csi_20260916_1340_fall.csv,fall,147,0,0.022086,0.253730,0.474151,0.224358,0.159072,0.166667
csi_20260916_1340_fall.csv,fall,148,0,0.031112,0.241624,0.474151,0.221030,0.150577,0.156667
csi_20260916_1340_fall.csv,fall,149,0,0.136273,0.245946,0.447539,0.230267,0.145978,0.166667
csi_20260916_1340_fall.csv,fall,150,0,0.099473,0.256296,0.447539,0.233399,0.153682,0.173333
csi_20260916_1340_fall.csv,fall,151,0,0.035403,0.245978,0.439499,0.227219,0.168361,0.150000
csi_20260916_1340_fall.csv,fall,152,0,0.066441,0.257650,0.433553,0.225490,0.181619,0.150000
csi_20260916_1340_fall.csv,fall,153,0,0.029292,0.254452,0.457916,0.227327,0.166508,0.160000
csi_20260916_1340_fall.csv,fall,154,0,0.046976,0.264038,0.457916,0.233213,0.163035,0.186667
csi_20260916_1345_fall_longlie.csv,fall_longlie,0,0,0.059583,0.255916,0.459847,0.226739,0.156218,0.170000
csi_20260916_1345_fall_longlie.csv,fall_longlie,1,0,0.063993,0.243565,0.449710,0.219810,0.159819,0.143333
csi_20260916_1345_fall_longlie.csv,fall_longlie,2,0,0.370070,0.253351,0.476455,0.224126,0.159584,0.166667
csi_20260916_1345_fall_longlie.csv,fall_longlie,3,0,0.532880,0.274522,0.498142,0.229292,0.154781,0.196667
csi_20260916_1345_fall_longlie.csv,fall_longlie,4,0,0.379139,0.274800,0.498142,0.229838,0.155516,0.190000
csi_20260916_1345_fall_longlie.csv,fall_longlie,5,0,0.755341,0.268121,0.498142,0.232271,0.148907,0.183333
csi_20260916_1345_fall_longlie.csv,fall_longlie,6,1,0.971441,0.268311,0.498142,0.231391,0.150905,0.173333
csi_20260916_1345_fall_longlie.csv,fall_longlie,7,1,0.876762,0.258118,0.498142,0.228620,0.148164,0.163333
csi_20260916_1345_fall_longlie.csv,fall_longlie,8,1,0.951092,0.258729,0.498142,0.229859,0.152830,0.166667
csi_20260916_1345_fall_longlie.csv,fall_longlie,9,1,0.899896,0.250261,0.480141,0.224697,0.156614,0.150000
csi_20260916_1345_fall_longlie.csv,fall_longlie,10,1,0.930719,0.250751,0.480141,0.223347,0.158847,0.150000
csi_20260916_1345_fall_longlie.csv,fall_longlie,11,1,0.523088,0.251014,0.452982,0.217828,0.166995,0.143333
csi_20260916_1345_fall_longlie.csv,fall_longlie,12,1,0.120906,0.246117,0.412221,0.214470,0.168032,0.140000
csi_20260916_1345_fall_longlie.csv,fall_longlie,13,1,0.107951,0.256940,0.491260,0.221297,0.169680,0.156667
csi_20260916_1345_fall_longlie.csv,fall_longlie,14,1,0.218247,0.243240,0.491260,0.214118,0.169185,0.133333
csi_20260916_1345_fall_longlie.csv,fall_longlie,15,1,0.122198,0.243621,0.491260,0.214322,0.167717,0.136667
csi_20260916_1345_fall_longlie.csv,fall_longlie,16,1,0.138916,0.249400,0.491260,0.218414,0.165080,0.146667
csi_20260916_1345_fall_longlie.csv,fall_longlie,17,1,0.181461,0.244367,0.491260,0.217944,0.162550,0.143333
csi_20260916_1345_fall_longlie.csv,fall_longlie,18,0,0.110014,0.254413,0.491260,0.219766,0.175456,0.146667
csi_20260916_1345_fall_longlie.csv,fall_longlie,19,0,0.119046,0.255128,0.469222,0.218720,0.176616,0.146667
csi_20260916_1345_fall_longlie.csv,fall_longlie,20,0,0.156103,0.269847,0.469222,0.224653,0.177167,0.173333
csi_20260916_1345_fall_longlie.csv,fall_longlie,21,0,0.083431,0.272666,0.469222,0.226791,0.180743,0.173333
csi_20260916_1345_fall_longlie.csv,fall_longlie,22,0,0.177429,0.260473,0.469222,0.224707,0.154686,0.180000
csi_20260916_1345_fall_longlie.csv,fall_longlie,23,0,0.330370,0.265681,0.450036,0.224950,0.153622,0.183333
csi_20260916_1345_fall_longlie.csv,fall_longlie,24,0,0.418041,0.275190,0.450036,0.229889,0.172314,0.183333
csi_20260916_1345_fall_longlie.csv,fall_longlie,25,0,0.114486,0.273120,0.446971,0.227559,0.174262,0.180000
csi_20260916_1345_fall_longlie.csv,fall_longlie,26,0,0.246410,0.279099,0.455470,0.234295,0.175238,0.183333
csi_20260916_1345_fall_longlie.csv,fall_longlie,27,0,0.139149,0.274650,0.457061,0.235927,0.184288,0.176667
csi_20260916_1345_fall_longlie.csv,fall_longlie,28,0,0.198323,0.268596,0.457061,0.228896,0.184936,0.156667
csi_20260916_1345_fall_longlie.csv,fall_longlie,29,0,0.092573,0.251049,0.444205,0.218162,0.173949,0.133333
csi_20260916_1345_fall_longlie.csv,fall_longlie,30,0,0.259988,0.265232,0.455915,0.220739,0.181517,0.150000
csi_20260916_1345_fall_longlie.csv,fall_longlie,31,0,0.228508,0.273393,0.484326,0.234577,0.169701,0.183333
csi_20260916_1345_fall_longlie.csv,fall_longlie,32,0,0.121746,0.260410,0.484326,0.234225,0.151478,0.173333
csi_20260916_1345_fall_longlie.csv,fall_longlie,33,0,0.042469,0.255817,0.468441,0.224399,0.157666,0.160000
csi_20260916_1345_fall_longlie.csv,fall_longlie,34,0,0.168541,0.246729,0.415878,0.224050,0.144366,0.163333
csi_20260916_1345_fall_longlie.csv,fall_longlie,35,0,0.125999,0.236899,0.411973,0.220930,0.154255,0.136667
csi_20260916_1345_fall_longlie.csv,fall_longlie,36,0,0.048085,0.249827,0.473252,0.223657,0.176871,0.150000
csi_20260916_1345_fall_longlie.csv,fall_longlie,37,0,0.046411,0.246800,0.473252,0.222838,0.162882,0.163333
csi_20260916_1345_fall_longlie.csv,fall_longlie,38,0,0.275073,0.240215,0.486049,0.217874,0.154698,0.146667
csi_20260916_1345_fall_longlie.csv,fall_longlie,39,0,0.563438,0.252932,0.486049,0.221177,0.158122,0.153333
csi_20260916_1345_fall_longlie.csv,fall_longlie,40,0,0.874084,0.249060,0.449942,0.222727,0.159356,0.150000
csi_20260916_1345_fall_longlie.csv,fall_longlie,41,0,0.795239,0.243563,0.449942,0.227035,0.154521,0.160000
csi_20260916_1345_fall_longlie.csv,fall_longlie,42,0,0.728350,0.241401,0.446160,0.225856,0.153276,0.163333
csi_20260916_1345_fall_longlie.csv,fall_longlie,43,0,0.435280,0.223395,0.417492,0.218996,0.148970,0.160000
csi_20260916_1345_fall_longlie.csv,fall_longlie,44,0,0.731340,0.229514,0.425803,0.217259,0.145614,0.180000
csi_20260916_1345_fall_longlie.csv,fall_longlie,45,0,0.909469,0.231923,0.425803,0.216393,0.142748,0.193333
csi_20260916_1345_fall_longlie.csv,fall_longlie,46,0,0.935937,0.226782,0.425803,0.208345,0.141621,0.196667
csi_20260916_1345_fall_longlie.csv,fall_longlie,47,1,0.967725,0.228611,0.425803,0.210744,0.130401,0.210000
csi_20260916_1345_fall_longlie.csv,fall_longlie,48,1,0.856770,0.219208,0.425803,0.216815,0.127645,0.193333
csi_20260916_1345_fall_longlie.csv,fall_longlie,49,1,0.331798,0.224101,0.471739,0.221543,0.129520,0.173333
csi_20260916_1345_fall_longlie.csv,fall_longlie,50,1,0.199065,0.238932,0.471739,0.225111,0.143398,0.170000
csi_20260916_1345_fall_longlie.csv,fall_longlie,51,1,0.088879,0.234563,0.471739,0.222876,0.139834,0.160000
csi_20260916_1345_fall_longlie.csv,fall_longlie,52,1,0.323971,0.240256,0.471739,0.221922,0.144884,0.150000
csi_20260916_1345_fall_longlie.csv,fall_longlie,53,1,0.115133,0.242878,0.471739,0.226396,0.147737,0.160000
csi_20260916_1345_fall_longlie.csv,fall_longlie,54,1,0.234577,0.252358,0.471739,0.228379,0.148074,0.170000
csi_20260916_1345_fall_longlie.csv,fall_longlie,55,1,0.320359,0.253620,0.464921,0.229834,0.151360,0.170000
csi_20260916_1345_fall_longlie.csv,fall_longlie,56,1,0.100013,0.244203,0.463969,0.226590,0.149365,0.163333
csi_20260916_1345_fall_longlie.csv,fall_longlie,57,1,0.097515,0.247564,0.463969,0.224034,0.163416,0.150000
csi_20260916_1345_fall_longlie.csv,fall_longlie,58,1,0.125965,0.256160,0.463969,0.224825,0.169578,0.156667
csi_20260916_1345_fall_longlie.csv,fall_longlie,59,0,0.075608,0.249498,0.440099,0.218695,0.170613,0.143333
csi_20260916_1345_fall_longlie.csv,fall_longlie,60,0,0.074769,0.245253,0.451532,0.217595,0.173581,0.130000
csi_20260916_1345_fall_longlie.csv,fall_longlie,61,0,0.154929,0.252578,0.451532,0.218072,0.180421,0.133333
csi_20260916_1345_fall_longlie.csv,fall_longlie,62,0,0.088634,0.249141,0.473688,0.215445,0.181695,0.123333
csi_20260916_1345_fall_longlie.csv,fall_longlie,63,0,0.111515,0.244350,0.499283,0.222879,0.166899,0.130000
csi_20260916_1345_fall_longlie.csv,fall_longlie,64,0,0.268225,0.245476,0.499283,0.226779,0.160564,0.150000
csi_20260916_1345_fall_longlie.csv,fall_longlie,65,0,0.700749,0.245725,0.472129,0.217847,0.168557,0.140000
csi_20260916_1345_fall_longlie.csv,fall_longlie,66,0,0.149543,0.260900,0.472129,0.217938,0.188228,0.133333
csi_20260916_1345_fall_longlie.csv,fall_longlie,67,0,0.144615,0.260277,0.466145,0.218522,0.184319,0.140000
csi_20260916_1345_fall_longlie.csv,fall_longlie,68,0,0.237512,0.247326,0.448752,0.219512,0.163212,0.143333
csi_20260916_1345_fall_longlie.csv,fall_longlie,69,0,0.186712,0.248673,0.460769,0.228661,0.146837,0.163333
csi_20260916_1345_fall_longlie.csv,fall_longlie,70,0,0.124156,0.252487,0.473222,0.226796,0.151031,0.166667
csi_20260916_1345_fall_longlie.csv,fall_longlie,71,0,0.167018,0.237768,0.473222,0.214921,0.163614,0.133333
csi_20260916_1345_fall_longlie.csv,fall_longlie,72,0,0.144544,0.247567,0.487158,0.220599,0.177174,0.130000
csi_20260916_1345_fall_longlie.csv,fall_longlie,73,0,0.107423,0.246649,0.487158,0.222817,0.170350,0.130000
csi_20260916_1345_fall_longlie.csv,fall_longlie,74,0,0.158699,0.238980,0.470631,0.220787,0.161502,0.126667
csi_20260916_1345_fall_longlie.csv,fall_longlie,75,0,0.235150,0.258372,0.481526,0.226683,0.166461,0.153333
csi_20260916_1345_fall_longlie.csv,fall_longlie,76,0,0.050721,0.259567,0.481526,0.227404,0.165734,0.166667
csi_20260916_1345_fall_longlie.csv,fall_longlie,77,0,0.043709,0.247105,0.467935,0.219526,0.164864,0.140000
csi_20260916_1345_fall_longlie.csv,fall_longlie,78,0,0.121851,0.247458,0.483415,0.214550,0.174764,0.123333
csi_20260916_1345_fall_longlie.csv,fall_longlie,79,0,0.147356,0.252895,0.483415,0.216687,0.175972,0.133333
csi_20260916_1345_fall_longlie.csv,fall_longlie,80,0,0.104729,0.246364,0.467866,0.216622,0.162533,0.146667
csi_20260916_1345_fall_longlie.csv,fall_longlie,81,0,0.047211,0.242475,0.467866,0.218552,0.154287,0.150000
csi_20260916_1345_fall_longlie.csv,fall_longlie,82,0,0.051830,0.245056,0.435938,0.219365,0.159248,0.150000
csi_20260916_1345_fall_longlie.csv,fall_longlie,83,0,0.834303,0.233139,0.418179,0.219350,0.159514,0.143333
csi_20260916_1345_fall_longlie.csv,fall_longlie,84,0,0.938150,0.230519,0.456706,0.224921,0.146236,0.146667
csi_20260916_1345_fall_longlie.csv,fall_longlie,85,0,0.673900,0.248504,0.476713,0.223556,0.165447,0.140000
csi_20260916_1345_fall_longlie.csv,fall_longlie,86,0,0.777559,0.251028,0.476713,0.224660,0.167623,0.143333
csi_20260916_1345_fall_longlie.csv,fall_longlie,87,0,0.936112,0.249919,0.476713,0.220196,0.171392,0.133333
csi_20260916_1345_fall_longlie.csv,fall_longlie,88,1,0.893513,0.248907,0.476713,0.220450,0.174592,0.140000
csi_20260916_1345_fall_longlie.csv,fall_longlie,89,1,0.809445,0.251664,0.476713,0.219318,0.179155,0.140000
csi_20260916_1345_fall_longlie.csv,fall_longlie,90,1,0.597970,0.254592,0.423522,0.216916,0.180849,0.143333
csi_20260916_1345_fall_longlie.csv,fall_longlie,91,1,0.196736,0.247229,0.447187,0.216743,0.174605,0.140000
csi_20260916_1345_fall_longlie.csv,fall_longlie,92,1,0.233014,0.250336,0.466903,0.220242,0.175297,0.146667
csi_20260916_1345_fall_longlie.csv,fall_longlie,93,1,0.098609,0.247655,0.466903,0.219274,0.181901,0.140000
csi_20260916_1345_fall_longlie.csv,fall_longlie,94,1,0.092258,0.252307,0.466903,0.215796,0.188549,0.126667
csi_20260916_1345_fall_longlie.csv,fall_longlie,95,1,0.141904,0.247888,0.466903,0.212551,0.187686,0.116667
csi_20260916_1345_fall_longlie.csv,fall_longlie,96,1,0.066903,0.233496,0.466903,0.215558,0.169784,0.120000
csi_20260916_1345_fall_longlie.csv,fall_longlie,97,1,0.044541,0.244532,0.466903,0.221396,0.169832,0.136667
csi_20260916_1345_fall_longlie.csv,fall_longlie,98,1,0.092703,0.235691,0.459681,0.216079,0.166928,0.123333
csi_20260916_1345_fall_longlie.csv,fall_longlie,99,1,0.045623,0.231682,0.435339,0.215365,0.161461,0.123333
csi_20260916_1345_fall_longlie.csv,fall_longlie,100,0,0.142209,0.223114,0.418006,0.214646,0.152533,0.123333
csi_20260916_1345_fall_longlie.csv,fall_longlie,101,0,0.094426,0.221474,0.418006,0.218361,0.144507,0.133333
csi_20260916_1345_fall_longlie.csv,fall_longlie,102,0,0.052887,0.238326,0.422187,0.215974,0.164078,0.136667
csi_20260916_1345_fall_longlie.csv,fall_longlie,103,0,0.060383,0.256231,0.448523,0.217287,0.171077,0.156667
csi_20260916_1345_fall_longlie.csv,fall_longlie,104,0,0.073335,0.225088,0.448523,0.210252,0.160581,0.123333
csi_20260916_1345_fall_longlie.csv,fall_longlie,105,0,0.092673,0.213406,0.479020,0.211366,0.154366,0.110000
csi_20260916_1345_fall_longlie.csv,fall_longlie,106,0,0.114276,0.240470,0.479020,0.212990,0.175838,0.116667
csi_20260916_1345_fall_longlie.csv,fall_longlie,107,0,0.210482,0.247245,0.475141,0.210474,0.187733,0.113333
csi_20260916_1345_fall_longlie.csv,fall_longlie,108,0,0.194194,0.243282,0.500908,0.216705,0.172467,0.126667
csi_20260916_1345_fall_longlie.csv,fall_longlie,109,0,0.089023,0.255850,0.500908,0.219467,0.179648,0.140000
csi_20260916_1345_fall_longlie.csv,fall_longlie,110,0,0.056360,0.254385,0.459787,0.220039,0.166081,0.156667
csi_20260916_1345_fall_longlie.csv,fall_longlie,111,0,0.188486,0.240430,0.469100,0.219160,0.154115,0.143333
csi_20260916_1345_fall_longlie.csv,fall_longlie,112,0,0.398038,0.240729,0.469100,0.214949,0.172038,0.123333
csi_20260916_1345_fall_longlie.csv,fall_longlie,113,0,0.343996,0.229457,0.466085,0.207829,0.176576,0.100000
csi_20260916_1345_fall_longlie.csv,fall_longlie,114,0,0.158011,0.220574,0.461932,0.199935,0.172420,0.090000
csi_20260916_1345_fall_longlie.csv,fall_longlie,115,0,0.076985,0.229047,0.471664,0.211326,0.160556,0.123333
csi_20260916_1345_fall_longlie.csv,fall_longlie,116,0,0.135031,0.225012,0.471664,0.211208,0.152961,0.123333
csi_20260916_1345_fall_longlie.csv,fall_longlie,117,0,0.220314,0.220233,0.446432,0.207911,0.155544,0.120000
csi_20260916_1345_fall_longlie.csv,fall_longlie,118,0,0.084677,0.220351,0.446432,0.209633,0.161641,0.113333
csi_20260916_1345_fall_longlie.csv,fall_longlie,119,0,0.063257,0.240023,0.467035,0.214056,0.178623,0.116667
csi_20260916_1345_fall_longlie.csv,fall_longlie,120,0,0.065456,0.260507,0.467035,0.224596,0.178346,0.153333
csi_20260916_1345_fall_longlie.csv,fall_longlie,121,0,0.044593,0.252532,0.449054,0.221801,0.171068,0.150000
csi_20260916_1345_fall_longlie.csv,fall_longlie,122,0,0.100615,0.235651,0.456642,0.212368,0.169044,0.123333
csi_20260916_1345_fall_longlie.csv,fall_longlie,123,0,0.125069,0.230668,0.485196,0.211482,0.161110,0.123333
csi_20260916_1345_fall_longlie.csv,fall_longlie,124,0,0.115941,0.237253,0.485196,0.210459,0.170653,0.116667
csi_20260916_1345_fall_longlie.csv,fall_longlie,125,0,0.952467,0.236540,0.484466,0.216381,0.168841,0.116667
csi_20260916_1345_fall_longlie.csv,fall_longlie,126,0,0.949763,0.218769,0.484466,0.209701,0.147068,0.123333
csi_20260916_1345_fall_longlie.csv,fall_longlie,127,0,0.962744,0.222827,0.412154,0.202531,0.154158,0.130000
csi_20260916_1345_fall_longlie.csv,fall_longlie,128,0,0.971969,0.221626,0.412154,0.203313,0.148452,0.146667
csi_20260916_1345_fall_longlie.csv,fall_longlie,129,0,0.967919,0.218946,0.412154,0.202004,0.143079,0.153333
csi_20260916_1345_fall_longlie.csv,fall_longlie,130,0,0.940805,0.222783,0.403662,0.202140,0.145993,0.163333
csi_20260916_1345_fall_longlie.csv,fall_longlie,131,1,0.959427,0.222005,0.403662,0.201122,0.140928,0.170000
csi_20260916_1345_fall_longlie.csv,fall_longlie,132,1,0.668108,0.228666,0.403662,0.208268,0.151580,0.160000
csi_20260916_1345_fall_longlie.csv,fall_longlie,133,1,0.844871,0.238667,0.453957,0.218115,0.152604,0.170000
csi_20260916_1345_fall_longlie.csv,fall_longlie,134,1,0.525192,0.241156,0.453957,0.220578,0.156190,0.173333
csi_20260916_1345_fall_longlie.csv,fall_longlie,135,1,0.108633,0.247268,0.453957,0.223875,0.160146,0.173333
csi_20260916_1345_fall_longlie.csv,fall_longlie,136,1,0.052326,0.241596,0.453957,0.222382,0.159873,0.153333
csi_20260916_1345_fall_longlie.csv,fall_longlie,137,1,0.045287,0.246717,0.453957,0.228870,0.162380,0.173333
csi_20260916_1345_fall_longlie.csv,fall_longlie,138,1,0.225477,0.246655,0.453957,0.232277,0.151958,0.190000
csi_20260916_1345_fall_longlie.csv,fall_longlie,139,1,0.092098,0.245190,0.416158,0.230494,0.153592,0.183333
csi_20260916_1345_fall_longlie.csv,fall_longlie,140,1,0.233906,0.245024,0.416158,0.229441,0.159193,0.176667
csi_20260916_1345_fall_longlie.csv,fall_longlie,141,1,0.049748,0.239903,0.416158,0.225751,0.162437,0.166667
csi_20260916_1345_fall_longlie.csv,fall_longlie,142,1,0.091442,0.243850,0.416158,0.222034,0.174014,0.156667
csi_20260916_1345_fall_longlie.csv,fall_longlie,143,0,0.044513,0.235237,0.416158,0.210653,0.174724,0.120000
csi_20260916_1345_fall_longlie.csv,fall_longlie,144,0,0.040777,0.226802,0.390158,0.198909,0.178868,0.093333
csi_20260916_1345_fall_longlie.csv,fall_longlie,145,0,0.040165,0.221998,0.390158,0.192586,0.183288,0.076667
csi_20260916_1345_fall_longlie.csv,fall_longlie,146,0,0.063740,0.216966,0.390158,0.192591,0.178914,0.076667
csi_20260916_1345_fall_longlie.csv,fall_longlie,147,0,0.195648,0.224017,0.435797,0.204804,0.168569,0.096667
csi_20260916_1345_fall_longlie.csv,fall_longlie,148,0,0.060494,0.238281,0.463910,0.219188,0.157317,0.140000
csi_20260916_1345_fall_longlie.csv,fall_longlie,149,0,0.264112,0.249084,0.463910,0.219160,0.169140,0.143333
csi_20260916_1345_fall_longlie.csv,fall_longlie,150,0,0.183518,0.233338,0.434328,0.207112,0.182006,0.096667
csi_20260916_1345_fall_longlie.csv,fall_longlie,151,0,0.045053,0.215501,0.415758,0.199580,0.175010,0.076667
csi_20260916_1345_fall_longlie.csv,fall_longlie,152,0,0.066619,0.222691,0.460990,0.208445,0.162669,0.103333
csi_20260916_1345_fall_longlie.csv,fall_longlie,153,0,0.059858,0.227462,0.476494,0.213564,0.160199,0.113333
csi_20260916_1345_fall_longlie.csv,fall_longlie,154,0,0.111259,0.222000,0.476494,0.206955,0.164108,0.096667
csi_20260916_1345_fall_longlie.csv,fall_longlie,155,0,0.096902,0.209269,0.409681,0.192438,0.168022,0.070000
csi_20260916_1345_fall_longlie.csv,fall_longlie,156,0,0.049362,0.208487,0.368202,0.193783,0.164427,0.076667
csi_20260916_1345_fall_longlie.csv,fall_longlie,157,0,0.100489,0.220882,0.400260,0.201760,0.162015,0.103333
csi_20260916_1345_fall_longlie.csv,fall_longlie,158,0,0.365136,0.218124,0.400260,0.198824,0.160712,0.100000
csi_20260916_1345_fall_longlie.csv,fall_longlie,159,0,0.121127,0.211784,0.395443,0.193709,0.162696,0.086667
csi_20260916_1345_fall_longlie.csv,fall_longlie,160,0,0.085021,0.239570,0.440232,0.205325,0.181252,0.110000
csi_20260916_1345_fall_longlie.csv,fall_longlie,161,0,0.117158,0.237940,0.440232,0.204367,0.179612,0.106667
csi_20260916_1345_fall_longlie.csv,fall_longlie,162,0,0.050658,0.206224,0.417623,0.193387,0.163095,0.073333
csi_20260916_1345_fall_longlie.csv,fall_longlie,163,0,0.206077,0.215439,0.471273,0.205154,0.156506,0.096667
csi_20260916_1345_fall_longlie.csv,fall_longlie,164,0,0.201209,0.212288,0.471273,0.206039,0.155264,0.093333
csi_20260916_1345_fall_longlie.csv,fall_longlie,165,0,0.101601,0.221346,0.429896,0.200086,0.168129,0.090000
