csv_file,session_label,fall_ts_ms,split,source,notes
csib_ESP32_Human_U08_Fall_E22_ESP32_10000.csv,FALL,1700010001000;1700010002500;1700010004000,train,public,csibench;ESP32;U08;E22;Hard;seg_cover(3)
csib_ESP32_Human_U08_Fall_E22_ESP32_1000.csv,FALL,1700020001000;1700020002500;1700020004000,train,public,csibench;ESP32;U08;E22;Hard;seg_cover(3)
csib_ESP32_Human_U08_Fall_E22_ESP32_11000.csv,FALL,1700030001000;1700030002500;1700030004000,train,public,csibench;ESP32;U08;E22;Hard;seg_cover(3)
csib_ESP32_Human_U08_Fall_E22_ESP32_12000.csv,FALL,1700040001000;1700040002500;1700040004000,train,public,csibench;ESP32;U08;E22;Hard;seg_cover(3)
csib_ESP32_Human_U08_Fall_E22_ESP32_13000.csv,FALL,1700050001000;1700050002500;1700050004000,train,public,csibench;ESP32;U08;E22;Hard;seg_cover(3)
csib_ESP32_Human_U08_Fall_E22_ESP32_14000.csv,FALL,1700060001000;1700060002500;1700060004000,train,public,csibench;ESP32;U08;E22;Hard;seg_cover(3)
csib_ESP32_Human_U08_Fall_E22_ESP32_15000.csv,FALL,1700070001000;1700070002500;1700070004000,train,public,csibench;ESP32;U08;E22;Hard;seg_cover(3)
csib_ESP32_Human_U08_Fall_E22_ESP32_16000.csv,FALL,1700080001000;1700080002500;1700080004000,train,public,csibench;ESP32;U08;E22;Hard;seg_cover(3)
csib_ESP32_Human_U08_Fall_E22_ESP32_17000.csv,FALL,1700090001000;1700090002500;1700090004000,train,public,csibench;ESP32;U08;E22;Hard;seg_cover(3)
csib_ESP32_Human_U08_Fall_E22_ESP32_18000.csv,FALL,1700100001000;1700100002500;1700100004000,train,public,csibench;ESP32;U08;E22;Hard;seg_cover(3)
csib_ESP32_Human_U08_Fall_E22_ESP32_19000.csv,FALL,1700110001000;1700110002500;1700110004000,train,public,csibench;ESP32;U08;E22;Hard;seg_cover(3)
csib_ESP32_Human_U08_Fall_E22_ESP32_20000.csv,FALL,1700120001000;1700120002500;1700120004000,train,public,csibench;ESP32;U08;E22;Hard;seg_cover(3)
csib_ESP32_Human_U08_Fall_E22_ESP32_2000.csv,FALL,1700130001000;1700130002500;1700130004000,train,public,csibench;ESP32;U08;E22;Hard;seg_cover(3)
csib_ESP32_Human_U08_Fall_E22_ESP32_21000.csv,FALL,1700140001000;1700140002500;1700140004000,train,public,csibench;ESP32;U08;E22;Hard;seg_cover(3)
csib_ESP32_Human_U08_Fall_E22_ESP32_22000.csv,FALL,1700150001000;1700150002500;1700150004000,train,public,csibench;ESP32;U08;E22;Hard;seg_cover(3)
csib_ESP32_Human_U08_Fall_E22_ESP32_23000.csv,FALL,1700160001000;1700160002500;1700160004000,train,public,csibench;ESP32;U08;E22;Hard;seg_cover(3)
csib_ESP32_Human_U08_Fall_E22_ESP32_24000.csv,FALL,1700170001000;1700170002500;1700170004000,train,public,csibench;ESP32;U08;E22;Hard;seg_cover(3)
csib_ESP32_Human_U08_Fall_E22_ESP32_25000.csv,FALL,1700180001000;1700180002500;1700180004000,train,public,csibench;ESP32;U08;E22;Hard;seg_cover(3)
csib_ESP32_Human_U08_Fall_E22_ESP32_26000.csv,FALL,1700190001000;1700190002500;1700190004000,train,public,csibench;ESP32;U08;E22;Hard;seg_cover(3)
csib_ESP32_Human_U08_Fall_E22_ESP32_27000.csv,FALL,1700200001000;1700200002500;1700200004000,train,public,csibench;ESP32;U08;E22;Hard;seg_cover(3)
csib_ESP32_Human_U08_Fall_E22_ESP32_28000.csv,FALL,1700210001000;1700210002500;1700210004000,train,public,csibench;ESP32;U08;E22;Hard;seg_cover(3)
csib_ESP32_Human_U08_Fall_E22_ESP32_3000.csv,FALL,1700220001000;1700220002500;1700220004000,train,public,csibench;ESP32;U08;E22;Hard;seg_cover(3)
csib_ESP32_Human_U08_Fall_E22_ESP32_4000.csv,FALL,1700230001000;1700230002500;1700230004000,train,public,csibench;ESP32;U08;E22;Hard;seg_cover(3)
csib_ESP32_Human_U08_Fall_E22_ESP32_5000.csv,FALL,1700240001000;1700240002500;1700240004000,train,public,csibench;ESP32;U08;E22;Hard;seg_cover(3)
csib_ESP32_Human_U08_Fall_E22_ESP32_6000.csv,FALL,1700250001000;1700250002500;1700250004000,train,public,csibench;ESP32;U08;E22;Hard;seg_cover(3)
csib_ESP32_Human_U08_Fall_E22_ESP32_7000.csv,FALL,1700260001000;1700260002500;1700260004000,train,public,csibench;ESP32;U08;E22;Hard;seg_cover(3)
csib_ESP32_Human_U08_Fall_E22_ESP32_8000.csv,FALL,1700270001000;1700270002500;1700270004000,train,public,csibench;ESP32;U08;E22;Hard;seg_cover(3)
csib_ESP32_Human_U08_Fall_E22_ESP32_9000.csv,FALL,1700280001000;1700280002500;1700280004000,train,public,csibench;ESP32;U08;E22;Hard;seg_cover(3)
csib_ESP32_Human_U08_Nonfall_E22_ESP32_10000.csv,NORMAL,,train,public,csibench;ESP32;U08;E22;Hard
csib_ESP32_Human_U08_Nonfall_E22_ESP32_1000.csv,NORMAL,,train,public,csibench;ESP32;U08;E22;Hard
csib_ESP32_Human_U08_Nonfall_E22_ESP32_11000.csv,NORMAL,,train,public,csibench;ESP32;U08;E22;Hard
csib_ESP32_Human_U08_Nonfall_E22_ESP32_12000.csv,NORMAL,,train,public,csibench;ESP32;U08;E22;Hard
csib_ESP32_Human_U08_Nonfall_E22_ESP32_13000.csv,NORMAL,,train,public,csibench;ESP32;U08;E22;Hard
csib_ESP32_Human_U08_Nonfall_E22_ESP32_14000.csv,NORMAL,,train,public,csibench;ESP32;U08;E22;Hard
csib_ESP32_Human_U08_Nonfall_E22_ESP32_15000.csv,NORMAL,,train,public,csibench;ESP32;U08;E22;Hard
csib_ESP32_Human_U08_Nonfall_E22_ESP32_16000.csv,NORMAL,,train,public,csibench;ESP32;U08;E22;Hard
csib_ESP32_Human_U08_Nonfall_E22_ESP32_17000.csv,NORMAL,,train,public,csibench;ESP32;U08;E22;Hard
csib_ESP32_Human_U08_Nonfall_E22_ESP32_18000.csv,NORMAL,,train,public,csibench;ESP32;U08;E22;Hard
csib_ESP32_Human_U08_Nonfall_E22_ESP32_19000.csv,NORMAL,,train,public,csibench;ESP32;U08;E22;Hard
csib_ESP32_Human_U08_Nonfall_E22_ESP32_2000.csv,NORMAL,,train,public,csibench;ESP32;U08;E22;Hard
csib_ESP32_Human_U08_Nonfall_E22_ESP32_3000.csv,NORMAL,,train,public,csibench;ESP32;U08;E22;Hard
csib_ESP32_Human_U08_Nonfall_E22_ESP32_4000.csv,NORMAL,,train,public,csibench;ESP32;U08;E22;Hard
csib_ESP32_Human_U08_Nonfall_E22_ESP32_5000.csv,NORMAL,,train,public,csibench;ESP32;U08;E22;Hard
csib_ESP32_Human_U08_Nonfall_E22_ESP32_6000.csv,NORMAL,,train,public,csibench;ESP32;U08;E22;Hard
csib_ESP32_Human_U08_Nonfall_E22_ESP32_7000.csv,NORMAL,,train,public,csibench;ESP32;U08;E22;Hard
csib_ESP32_Human_U08_Nonfall_E22_ESP32_8000.csv,NORMAL,,train,public,csibench;ESP32;U08;E22;Hard
csib_ESP32_Human_U08_Nonfall_E22_ESP32_9000.csv,NORMAL,,train,public,csibench;ESP32;U08;E22;Hard
csib_ESP32_Human_U09_Fall_E22_ESP32_29000.csv,FALL,1700480001000;1700480002500;1700480004000,train,public,csibench;ESP32;U09;E22;Hard;seg_cover(3)
csib_ESP32_Human_U09_Fall_E22_ESP32_30000.csv,FALL,1700490001000;1700490002500;1700490004000,train,public,csibench;ESP32;U09;E22;Hard;seg_cover(3)
csib_ESP32_Human_U09_Fall_E22_ESP32_31000.csv,FALL,1700500001000;1700500002500;1700500004000,train,public,csibench;ESP32;U09;E22;Hard;seg_cover(3)
csib_ESP32_Human_U09_Fall_E22_ESP32_32000.csv,FALL,1700510001000;1700510002500;1700510004000,train,public,csibench;ESP32;U09;E22;Hard;seg_cover(3)
csib_ESP32_Human_U09_Fall_E22_ESP32_33000.csv,FALL,1700520001000;1700520002500;1700520004000,train,public,csibench;ESP32;U09;E22;Hard;seg_cover(3)
csib_ESP32_Human_U09_Fall_E22_ESP32_34000.csv,FALL,1700530001000;1700530002500;1700530004000,train,public,csibench;ESP32;U09;E22;Hard;seg_cover(3)
csib_ESP32_Human_U09_Fall_E22_ESP32_35000.csv,FALL,1700540001000;1700540002500;1700540004000,train,public,csibench;ESP32;U09;E22;Hard;seg_cover(3)
csib_ESP32_Human_U09_Fall_E22_ESP32_36000.csv,FALL,1700550001000;1700550002500;1700550004000,train,public,csibench;ESP32;U09;E22;Hard;seg_cover(3)
csib_ESP32_Human_U09_Fall_E22_ESP32_37000.csv,FALL,1700560001000;1700560002500;1700560004000,train,public,csibench;ESP32;U09;E22;Hard;seg_cover(3)
csib_ESP32_Human_U09_Fall_E22_ESP32_38000.csv,FALL,1700570001000;1700570002500;1700570004000,train,public,csibench;ESP32;U09;E22;Hard;seg_cover(3)
csib_ESP32_Human_U09_Fall_E22_ESP32_39000.csv,FALL,1700580001000;1700580002500;1700580004000,train,public,csibench;ESP32;U09;E22;Hard;seg_cover(3)
csib_ESP32_Human_U09_Fall_E22_ESP32_40000.csv,FALL,1700590001000;1700590002500;1700590004000,train,public,csibench;ESP32;U09;E22;Hard;seg_cover(3)
csib_ESP32_Human_U09_Fall_E22_ESP32_41000.csv,FALL,1700600001000;1700600002500;1700600004000,train,public,csibench;ESP32;U09;E22;Hard;seg_cover(3)
csib_ESP32_Human_U09_Fall_E22_ESP32_42000.csv,FALL,1700610001000;1700610002500;1700610004000,train,public,csibench;ESP32;U09;E22;Hard;seg_cover(3)
csib_ESP32_Human_U09_Fall_E22_ESP32_43000.csv,FALL,1700620001000;1700620002500;1700620004000,train,public,csibench;ESP32;U09;E22;Hard;seg_cover(3)
csib_ESP32_Human_U09_Fall_E22_ESP32_44000.csv,FALL,1700630001000;1700630002500;1700630004000,train,public,csibench;ESP32;U09;E22;Hard;seg_cover(3)
csib_ESP32_Human_U09_Fall_E22_ESP32_45000.csv,FALL,1700640001000;1700640002500;1700640004000,train,public,csibench;ESP32;U09;E22;Hard;seg_cover(3)
csib_ESP32_Human_U09_Fall_E22_ESP32_46000.csv,FALL,1700650001000;1700650002500;1700650004000,train,public,csibench;ESP32;U09;E22;Hard;seg_cover(3)
csib_ESP32_Human_U09_Fall_E22_ESP32_47000.csv,FALL,1700660001000;1700660002500;1700660004000,train,public,csibench;ESP32;U09;E22;Hard;seg_cover(3)
csib_ESP32_Human_U09_Fall_E22_ESP32_48000.csv,FALL,1700670001000;1700670002500;1700670004000,train,public,csibench;ESP32;U09;E22;Hard;seg_cover(3)
csib_ESP32_Human_U09_Fall_E22_ESP32_49000.csv,FALL,1700680001000;1700680002500;1700680004000,train,public,csibench;ESP32;U09;E22;Hard;seg_cover(3)
csib_ESP32_Human_U09_Fall_E22_ESP32_50000.csv,FALL,1700690001000;1700690002500;1700690004000,train,public,csibench;ESP32;U09;E22;Hard;seg_cover(3)
csib_ESP32_Human_U09_Fall_E22_ESP32_51000.csv,FALL,1700700001000;1700700002500;1700700004000,train,public,csibench;ESP32;U09;E22;Hard;seg_cover(3)
csib_ESP32_Human_U09_Fall_E22_ESP32_52000.csv,FALL,1700710001000;1700710002500;1700710004000,train,public,csibench;ESP32;U09;E22;Hard;seg_cover(3)
csib_ESP32_Human_U09_Fall_E22_ESP32_53000.csv,FALL,1700720001000;1700720002500;1700720004000,train,public,csibench;ESP32;U09;E22;Hard;seg_cover(3)
csib_ESP32_Human_U09_Fall_E22_ESP32_54000.csv,FALL,1700730001000;1700730002500;1700730004000,train,public,csibench;ESP32;U09;E22;Hard;seg_cover(3)
csib_ESP32_Human_U09_Fall_E22_ESP32_55000.csv,FALL,1700740001000;1700740002500;1700740004000,train,public,csibench;ESP32;U09;E22;Hard;seg_cover(3)
csib_ESP32_Human_U09_Fall_E22_ESP32_56000.csv,FALL,1700750001000;1700750002500;1700750004000,train,public,csibench;ESP32;U09;E22;Hard;seg_cover(3)
csib_ESP32_Human_U09_Fall_E22_ESP32_57000.csv,FALL,1700760001000;1700760002500;1700760004000,train,public,csibench;ESP32;U09;E22;Hard;seg_cover(3)
csib_ESP32_Human_U09_Fall_E22_ESP32_58000.csv,FALL,1700770001000;1700770002500;1700770004000,train,public,csibench;ESP32;U09;E22;Hard;seg_cover(3)
csib_ESP32_Human_U09_Fall_E22_ESP32_59000.csv,FALL,1700780001000;1700780002500;1700780004000,train,public,csibench;ESP32;U09;E22;Hard;seg_cover(3)
csib_ESP32_Human_U09_Nonfall_E22_ESP32_20000.csv,NORMAL,,train,public,csibench;ESP32;U09;E22;Hard
csib_ESP32_Human_U09_Nonfall_E22_ESP32_21000.csv,NORMAL,,train,public,csibench;ESP32;U09;E22;Hard
csib_ESP32_Human_U09_Nonfall_E22_ESP32_22000.csv,NORMAL,,train,public,csibench;ESP32;U09;E22;Hard
csib_ESP32_Human_U09_Nonfall_E22_ESP32_23000.csv,NORMAL,,train,public,csibench;ESP32;U09;E22;Hard
csib_ESP32_Human_U09_Nonfall_E22_ESP32_24000.csv,NORMAL,,train,public,csibench;ESP32;U09;E22;Hard
csib_ESP32_Human_U09_Nonfall_E22_ESP32_25000.csv,NORMAL,,train,public,csibench;ESP32;U09;E22;Hard
csib_ESP32_Human_U09_Nonfall_E22_ESP32_26000.csv,NORMAL,,train,public,csibench;ESP32;U09;E22;Hard
csib_ESP32_Human_U09_Nonfall_E22_ESP32_27000.csv,NORMAL,,train,public,csibench;ESP32;U09;E22;Hard
csib_ESP32_Human_U09_Nonfall_E22_ESP32_28000.csv,NORMAL,,train,public,csibench;ESP32;U09;E22;Hard
csib_ESP32_Human_U09_Nonfall_E22_ESP32_29000.csv,NORMAL,,train,public,csibench;ESP32;U09;E22;Hard
csib_ESP32_Human_U09_Nonfall_E22_ESP32_30000.csv,NORMAL,,train,public,csibench;ESP32;U09;E22;Hard
csib_ESP32_Human_U09_Nonfall_E22_ESP32_31000.csv,NORMAL,,train,public,csibench;ESP32;U09;E22;Hard
csib_ESP32_Human_U09_Nonfall_E22_ESP32_32000.csv,NORMAL,,train,public,csibench;ESP32;U09;E22;Hard
csib_ESP32_Human_U11_Fall_E22_ESP32_100000.csv,FALL,1700920001000;1700920002500;1700920004000,train,public,csibench;ESP32;U11;E22;Hard;seg_cover(3)
csib_ESP32_Human_U11_Fall_E22_ESP32_101000.csv,FALL,1700930001000;1700930002500;1700930004000,train,public,csibench;ESP32;U11;E22;Hard;seg_cover(3)
csib_ESP32_Human_U11_Fall_E22_ESP32_102000.csv,FALL,1700940001000;1700940002500;1700940004000,train,public,csibench;ESP32;U11;E22;Hard;seg_cover(3)
csib_ESP32_Human_U11_Fall_E22_ESP32_103000.csv,FALL,1700950001000;1700950002500;1700950004000,train,public,csibench;ESP32;U11;E22;Hard;seg_cover(3)
csib_ESP32_Human_U11_Fall_E22_ESP32_104000.csv,FALL,1700960001000;1700960002500;1700960004000,train,public,csibench;ESP32;U11;E22;Hard;seg_cover(3)
csib_ESP32_Human_U11_Fall_E22_ESP32_60000.csv,FALL,1700970001000;1700970002500;1700970004000,train,public,csibench;ESP32;U11;E22;Hard;seg_cover(3)
csib_ESP32_Human_U11_Fall_E22_ESP32_61000.csv,FALL,1700980001000;1700980002500;1700980004000,train,public,csibench;ESP32;U11;E22;Hard;seg_cover(3)
csib_ESP32_Human_U11_Fall_E22_ESP32_62000.csv,FALL,1700990001000;1700990002500;1700990004000,train,public,csibench;ESP32;U11;E22;Hard;seg_cover(3)
csib_ESP32_Human_U11_Fall_E22_ESP32_63000.csv,FALL,1701000001000;1701000002500;1701000004000,train,public,csibench;ESP32;U11;E22;Hard;seg_cover(3)
csib_ESP32_Human_U11_Fall_E22_ESP32_64000.csv,FALL,1701010001000;1701010002500;1701010004000,train,public,csibench;ESP32;U11;E22;Hard;seg_cover(3)
csib_ESP32_Human_U11_Fall_E22_ESP32_65000.csv,FALL,1701020001000;1701020002500;1701020004000,train,public,csibench;ESP32;U11;E22;Hard;seg_cover(3)
csib_ESP32_Human_U11_Fall_E22_ESP32_66000.csv,FALL,1701030001000;1701030002500;1701030004000,train,public,csibench;ESP32;U11;E22;Hard;seg_cover(3)
csib_ESP32_Human_U11_Fall_E22_ESP32_67000.csv,FALL,1701040001000;1701040002500;1701040004000,train,public,csibench;ESP32;U11;E22;Hard;seg_cover(3)
csib_ESP32_Human_U11_Fall_E22_ESP32_68000.csv,FALL,1701050001000;1701050002500;1701050004000,train,public,csibench;ESP32;U11;E22;Hard;seg_cover(3)
csib_ESP32_Human_U11_Fall_E22_ESP32_69000.csv,FALL,1701060001000;1701060002500;1701060004000,train,public,csibench;ESP32;U11;E22;Hard;seg_cover(3)
csib_ESP32_Human_U11_Fall_E22_ESP32_70000.csv,FALL,1701070001000;1701070002500;1701070004000,train,public,csibench;ESP32;U11;E22;Hard;seg_cover(3)
csib_ESP32_Human_U11_Fall_E22_ESP32_71000.csv,FALL,1701080001000;1701080002500;1701080004000,train,public,csibench;ESP32;U11;E22;Hard;seg_cover(3)
csib_ESP32_Human_U11_Fall_E22_ESP32_72000.csv,FALL,1701090001000;1701090002500;1701090004000,train,public,csibench;ESP32;U11;E22;Hard;seg_cover(3)
csib_ESP32_Human_U11_Fall_E22_ESP32_73000.csv,FALL,1701100001000;1701100002500;1701100004000,train,public,csibench;ESP32;U11;E22;Hard;seg_cover(3)
csib_ESP32_Human_U11_Fall_E22_ESP32_74000.csv,FALL,1701110001000;1701110002500;1701110004000,train,public,csibench;ESP32;U11;E22;Hard;seg_cover(3)
csib_ESP32_Human_U11_Fall_E22_ESP32_75000.csv,FALL,1701120001000;1701120002500;1701120004000,train,public,csibench;ESP32;U11;E22;Hard;seg_cover(3)
csib_ESP32_Human_U11_Fall_E22_ESP32_76000.csv,FALL,1701130001000;1701130002500;1701130004000,train,public,csibench;ESP32;U11;E22;Hard;seg_cover(3)
csib_ESP32_Human_U11_Fall_E22_ESP32_77000.csv,FALL,1701140001000;1701140002500;1701140004000,train,public,csibench;ESP32;U11;E22;Hard;seg_cover(3)
csib_ESP32_Human_U11_Fall_E22_ESP32_78000.csv,FALL,1701150001000;1701150002500;1701150004000,train,public,csibench;ESP32;U11;E22;Hard;seg_cover(3)
csib_ESP32_Human_U11_Fall_E22_ESP32_79000.csv,FALL,1701160001000;1701160002500;1701160004000,train,public,csibench;ESP32;U11;E22;Hard;seg_cover(3)
csib_ESP32_Human_U11_Fall_E22_ESP32_80000.csv,FALL,1701170001000;1701170002500;1701170004000,train,public,csibench;ESP32;U11;E22;Hard;seg_cover(3)
csib_ESP32_Human_U11_Fall_E22_ESP32_81000.csv,FALL,1701180001000;1701180002500;1701180004000,train,public,csibench;ESP32;U11;E22;Hard;seg_cover(3)
csib_ESP32_Human_U11_Fall_E22_ESP32_82000.csv,FALL,1701190001000;1701190002500;1701190004000,train,public,csibench;ESP32;U11;E22;Hard;seg_cover(3)
csib_ESP32_Human_U11_Fall_E22_ESP32_83000.csv,FALL,1701200001000;1701200002500;1701200004000,train,public,csibench;ESP32;U11;E22;Hard;seg_cover(3)
csib_ESP32_Human_U11_Fall_E22_ESP32_84000.csv,FALL,1701210001000;1701210002500;1701210004000,train,public,csibench;ESP32;U11;E22;Hard;seg_cover(3)
csib_ESP32_Human_U11_Fall_E22_ESP32_85000.csv,FALL,1701220001000;1701220002500;1701220004000,train,public,csibench;ESP32;U11;E22;Hard;seg_cover(3)
csib_ESP32_Human_U11_Fall_E22_ESP32_86000.csv,FALL,1701230001000;1701230002500;1701230004000,train,public,csibench;ESP32;U11;E22;Hard;seg_cover(3)
csib_ESP32_Human_U11_Fall_E22_ESP32_87000.csv,FALL,1701240001000;1701240002500;1701240004000,train,public,csibench;ESP32;U11;E22;Hard;seg_cover(3)
csib_ESP32_Human_U11_Fall_E22_ESP32_88000.csv,FALL,1701250001000;1701250002500;1701250004000,train,public,csibench;ESP32;U11;E22;Hard;seg_cover(3)
csib_ESP32_Human_U11_Fall_E22_ESP32_89000.csv,FALL,1701260001000;1701260002500;1701260004000,train,public,csibench;ESP32;U11;E22;Hard;seg_cover(3)
csib_ESP32_Human_U11_Fall_E22_ESP32_90000.csv,FALL,1701270001000;1701270002500;1701270004000,train,public,csibench;ESP32;U11;E22;Hard;seg_cover(3)
csib_ESP32_Human_U11_Fall_E22_ESP32_91000.csv,FALL,1701280001000;1701280002500;1701280004000,train,public,csibench;ESP32;U11;E22;Hard;seg_cover(3)
csib_ESP32_Human_U11_Fall_E22_ESP32_92000.csv,FALL,1701290001000;1701290002500;1701290004000,train,public,csibench;ESP32;U11;E22;Hard;seg_cover(3)
csib_ESP32_Human_U11_Fall_E22_ESP32_93000.csv,FALL,1701300001000;1701300002500;1701300004000,train,public,csibench;ESP32;U11;E22;Hard;seg_cover(3)
csib_ESP32_Human_U11_Fall_E22_ESP32_94000.csv,FALL,1701310001000;1701310002500;1701310004000,train,public,csibench;ESP32;U11;E22;Hard;seg_cover(3)
csib_ESP32_Human_U11_Fall_E22_ESP32_95000.csv,FALL,1701320001000;1701320002500;1701320004000,train,public,csibench;ESP32;U11;E22;Hard;seg_cover(3)
csib_ESP32_Human_U11_Fall_E22_ESP32_96000.csv,FALL,1701330001000;1701330002500;1701330004000,train,public,csibench;ESP32;U11;E22;Hard;seg_cover(3)
csib_ESP32_Human_U11_Fall_E22_ESP32_97000.csv,FALL,1701340001000;1701340002500;1701340004000,train,public,csibench;ESP32;U11;E22;Hard;seg_cover(3)
csib_ESP32_Human_U11_Fall_E22_ESP32_98000.csv,FALL,1701350001000;1701350002500;1701350004000,train,public,csibench;ESP32;U11;E22;Hard;seg_cover(3)
csib_ESP32_Human_U11_Fall_E22_ESP32_99000.csv,FALL,1701360001000;1701360002500;1701360004000,train,public,csibench;ESP32;U11;E22;Hard;seg_cover(3)
csib_ESP32_Human_U11_Nonfall_E22_ESP32_33000.csv,NORMAL,,train,public,csibench;ESP32;U11;E22;Hard
csib_ESP32_Human_U11_Nonfall_E22_ESP32_34000.csv,NORMAL,,train,public,csibench;ESP32;U11;E22;Hard
csib_ESP32_Human_U11_Nonfall_E22_ESP32_35000.csv,NORMAL,,train,public,csibench;ESP32;U11;E22;Hard
csib_ESP32_Human_U11_Nonfall_E22_ESP32_36000.csv,NORMAL,,train,public,csibench;ESP32;U11;E22;Hard
csib_ESP32_Human_U11_Nonfall_E22_ESP32_37000.csv,NORMAL,,train,public,csibench;ESP32;U11;E22;Hard
csib_ESP32_Human_U11_Nonfall_E22_ESP32_38000.csv,NORMAL,,train,public,csibench;ESP32;U11;E22;Hard
csib_ESP32_Human_U11_Nonfall_E22_ESP32_39000.csv,NORMAL,,train,public,csibench;ESP32;U11;E22;Hard
csib_ESP32_Human_U11_Nonfall_E22_ESP32_40000.csv,NORMAL,,train,public,csibench;ESP32;U11;E22;Hard
csib_ESP32_Human_U11_Nonfall_E22_ESP32_41000.csv,NORMAL,,train,public,csibench;ESP32;U11;E22;Hard
csib_ESP32_Human_U11_Nonfall_E22_ESP32_42000.csv,NORMAL,,train,public,csibench;ESP32;U11;E22;Hard
csib_ESP32_Human_U11_Nonfall_E22_ESP32_43000.csv,NORMAL,,train,public,csibench;ESP32;U11;E22;Hard
csib_ESP32_Human_U11_Nonfall_E22_ESP32_44000.csv,NORMAL,,train,public,csibench;ESP32;U11;E22;Hard
csib_ESP32_Human_U11_Nonfall_E22_ESP32_45000.csv,NORMAL,,train,public,csibench;ESP32;U11;E22;Hard
csib_ESP32_Human_U11_Nonfall_E22_ESP32_46000.csv,NORMAL,,train,public,csibench;ESP32;U11;E22;Hard
csib_ESP32_Human_U11_Nonfall_E22_ESP32_47000.csv,NORMAL,,train,public,csibench;ESP32;U11;E22;Hard
csib_ESP32_Human_U11_Nonfall_E22_ESP32_48000.csv,NORMAL,,train,public,csibench;ESP32;U11;E22;Hard
csib_ESP32_Human_U11_Nonfall_E22_ESP32_49000.csv,NORMAL,,train,public,csibench;ESP32;U11;E22;Hard
csib_ESP32_Human_U11_Nonfall_E22_ESP32_50000.csv,NORMAL,,train,public,csibench;ESP32;U11;E22;Hard
csib_ESP32_Human_U11_Nonfall_E22_ESP32_51000.csv,NORMAL,,train,public,csibench;ESP32;U11;E22;Hard
csib_ESP32_Human_U11_Nonfall_E22_ESP32_52000.csv,NORMAL,,train,public,csibench;ESP32;U11;E22;Hard
csib_ESP32_Human_U11_Nonfall_E22_ESP32_53000.csv,NORMAL,,train,public,csibench;ESP32;U11;E22;Hard
csib_ESP32_Human_U11_Nonfall_E22_ESP32_54000.csv,NORMAL,,train,public,csibench;ESP32;U11;E22;Hard
csib_ESP32_Human_U11_Nonfall_E22_ESP32_55000.csv,NORMAL,,train,public,csibench;ESP32;U11;E22;Hard
csib_ESP32_Human_U11_Nonfall_E22_ESP32_56000.csv,NORMAL,,train,public,csibench;ESP32;U11;E22;Hard
csib_ESP32_Human_U11_Nonfall_E22_ESP32_57000.csv,NORMAL,,train,public,csibench;ESP32;U11;E22;Hard
csib_ESP32_Human_U11_Nonfall_E22_ESP32_58000.csv,NORMAL,,train,public,csibench;ESP32;U11;E22;Hard
csib_ESP32_Human_U11_Nonfall_E22_ESP32_59000.csv,NORMAL,,train,public,csibench;ESP32;U11;E22;Hard
csib_ESP32_Human_U11_Nonfall_E22_ESP32_60000.csv,NORMAL,,train,public,csibench;ESP32;U11;E22;Hard
csib_ESP32_Human_U12_Fall_E22_ESP32_105000.csv,FALL,1701650001000;1701650002500;1701650004000,train,public,csibench;ESP32;U12;E22;Hard;seg_cover(3)
csib_ESP32_Human_U12_Fall_E22_ESP32_106000.csv,FALL,1701660001000;1701660002500;1701660004000,train,public,csibench;ESP32;U12;E22;Hard;seg_cover(3)
csib_ESP32_Human_U12_Fall_E22_ESP32_107000.csv,FALL,1701670001000;1701670002500;1701670004000,train,public,csibench;ESP32;U12;E22;Hard;seg_cover(3)
csib_ESP32_Human_U12_Fall_E22_ESP32_108000.csv,FALL,1701680001000;1701680002500;1701680004000,train,public,csibench;ESP32;U12;E22;Hard;seg_cover(3)
csib_ESP32_Human_U12_Fall_E22_ESP32_109000.csv,FALL,1701690001000;1701690002500;1701690004000,train,public,csibench;ESP32;U12;E22;Hard;seg_cover(3)
csib_ESP32_Human_U12_Fall_E22_ESP32_110000.csv,FALL,1701700001000;1701700002500;1701700004000,train,public,csibench;ESP32;U12;E22;Hard;seg_cover(3)
csib_ESP32_Human_U12_Fall_E22_ESP32_111000.csv,FALL,1701710001000;1701710002500;1701710004000,train,public,csibench;ESP32;U12;E22;Hard;seg_cover(3)
csib_ESP32_Human_U12_Fall_E22_ESP32_112000.csv,FALL,1701720001000;1701720002500;1701720004000,train,public,csibench;ESP32;U12;E22;Hard;seg_cover(3)
csib_ESP32_Human_U12_Fall_E22_ESP32_113000.csv,FALL,1701730001000;1701730002500;1701730004000,train,public,csibench;ESP32;U12;E22;Hard;seg_cover(3)
csib_ESP32_Human_U12_Fall_E22_ESP32_114000.csv,FALL,1701740001000;1701740002500;1701740004000,train,public,csibench;ESP32;U12;E22;Hard;seg_cover(3)
csib_ESP32_Human_U12_Fall_E22_ESP32_115000.csv,FALL,1701750001000;1701750002500;1701750004000,train,public,csibench;ESP32;U12;E22;Hard;seg_cover(3)
csib_ESP32_Human_U12_Fall_E22_ESP32_116000.csv,FALL,1701760001000;1701760002500;1701760004000,train,public,csibench;ESP32;U12;E22;Hard;seg_cover(3)
csib_ESP32_Human_U12_Fall_E22_ESP32_117000.csv,FALL,1701770001000;1701770002500;1701770004000,train,public,csibench;ESP32;U12;E22;Hard;seg_cover(3)
csib_ESP32_Human_U12_Fall_E22_ESP32_118000.csv,FALL,1701780001000;1701780002500;1701780004000,train,public,csibench;ESP32;U12;E22;Hard;seg_cover(3)
csib_ESP32_Human_U12_Fall_E22_ESP32_119000.csv,FALL,1701790001000;1701790002500;1701790004000,train,public,csibench;ESP32;U12;E22;Hard;seg_cover(3)
csib_ESP32_Human_U12_Fall_E22_ESP32_120000.csv,FALL,1701800001000;1701800002500;1701800004000,train,public,csibench;ESP32;U12;E22;Hard;seg_cover(3)
csib_ESP32_Human_U12_Fall_E22_ESP32_121000.csv,FALL,1701810001000;1701810002500;1701810004000,train,public,csibench;ESP32;U12;E22;Hard;seg_cover(3)
csib_ESP32_Human_U12_Nonfall_E22_ESP32_61000.csv,NORMAL,,train,public,csibench;ESP32;U12;E22;Hard
csib_ESP32_Human_U12_Nonfall_E22_ESP32_62000.csv,NORMAL,,train,public,csibench;ESP32;U12;E22;Hard
csib_ESP32_Human_U12_Nonfall_E22_ESP32_63000.csv,NORMAL,,train,public,csibench;ESP32;U12;E22;Hard
csib_ESP32_Human_U12_Nonfall_E22_ESP32_64000.csv,NORMAL,,train,public,csibench;ESP32;U12;E22;Hard
csib_ESP32_Human_U12_Nonfall_E22_ESP32_65000.csv,NORMAL,,train,public,csibench;ESP32;U12;E22;Hard
csib_ESP32_Human_U12_Nonfall_E22_ESP32_66000.csv,NORMAL,,train,public,csibench;ESP32;U12;E22;Hard
csib_ESP32_Human_U12_Nonfall_E22_ESP32_67000.csv,NORMAL,,train,public,csibench;ESP32;U12;E22;Hard
csib_ESP32_Human_U12_Nonfall_E22_ESP32_68000.csv,NORMAL,,train,public,csibench;ESP32;U12;E22;Hard
csib_ESP32_Human_U12_Nonfall_E22_ESP32_69000.csv,NORMAL,,train,public,csibench;ESP32;U12;E22;Hard
csib_ESP32_Human_U12_Nonfall_E22_ESP32_70000.csv,NORMAL,,train,public,csibench;ESP32;U12;E22;Hard
csib_ESP32_Human_U12_Nonfall_E22_ESP32_71000.csv,NORMAL,,train,public,csibench;ESP32;U12;E22;Hard
csib_ESP32_Human_U12_Nonfall_E22_ESP32_72000.csv,NORMAL,,train,public,csibench;ESP32;U12;E22;Hard
csib_ESP32_Human_U12_Nonfall_E22_ESP32_73000.csv,NORMAL,,train,public,csibench;ESP32;U12;E22;Hard
csib_ESP32_Human_U12_Nonfall_E22_ESP32_74000.csv,NORMAL,,train,public,csibench;ESP32;U12;E22;Hard
csib_ESP32_Human_U12_Nonfall_E22_ESP32_75000.csv,NORMAL,,train,public,csibench;ESP32;U12;E22;Hard
csib_ESP32_Human_U12_Nonfall_E22_ESP32_76000.csv,NORMAL,,train,public,csibench;ESP32;U12;E22;Hard
csib_ESP32_Human_U12_Nonfall_E22_ESP32_77000.csv,NORMAL,,train,public,csibench;ESP32;U12;E22;Hard
csib_ESP32_Human_U12_Nonfall_E22_ESP32_78000.csv,NORMAL,,train,public,csibench;ESP32;U12;E22;Hard
csib_ESP32_Human_U12_Nonfall_E22_ESP32_79000.csv,NORMAL,,train,public,csibench;ESP32;U12;E22;Hard
csib_ESP32_Human_U12_Nonfall_E22_ESP32_80000.csv,NORMAL,,train,public,csibench;ESP32;U12;E22;Hard
csib_ESP32_Human_U12_Nonfall_E22_ESP32_81000.csv,NORMAL,,train,public,csibench;ESP32;U12;E22;Hard
csib_ESP32_Human_U12_Nonfall_E22_ESP32_82000.csv,NORMAL,,train,public,csibench;ESP32;U12;E22;Hard
csib_ESP32_Human_U12_Nonfall_E22_ESP32_83000.csv,NORMAL,,train,public,csibench;ESP32;U12;E22;Hard
csib_ESP32_Human_U17_Fall_E22_ESP32_122000.csv,FALL,1702050001000;1702050002500;1702050004000,train,public,csibench;ESP32;U17;E22;Hard;seg_cover(3)
csib_ESP32_Human_U17_Fall_E22_ESP32_123000.csv,FALL,1702060001000;1702060002500;1702060004000,train,public,csibench;ESP32;U17;E22;Hard;seg_cover(3)
csib_ESP32_Human_U17_Fall_E22_ESP32_124000.csv,FALL,1702070001000;1702070002500;1702070004000,train,public,csibench;ESP32;U17;E22;Hard;seg_cover(3)
csib_ESP32_Human_U17_Fall_E22_ESP32_125000.csv,FALL,1702080001000;1702080002500;1702080004000,train,public,csibench;ESP32;U17;E22;Hard;seg_cover(3)
csib_ESP32_Human_U17_Fall_E22_ESP32_126000.csv,FALL,1702090001000;1702090002500;1702090004000,train,public,csibench;ESP32;U17;E22;Hard;seg_cover(3)
csib_ESP32_Human_U17_Fall_E22_ESP32_127000.csv,FALL,1702100001000;1702100002500;1702100004000,train,public,csibench;ESP32;U17;E22;Hard;seg_cover(3)
csib_ESP32_Human_U17_Fall_E22_ESP32_128000.csv,FALL,1702110001000;1702110002500;1702110004000,train,public,csibench;ESP32;U17;E22;Hard;seg_cover(3)
csib_ESP32_Human_U17_Fall_E22_ESP32_129000.csv,FALL,1702120001000;1702120002500;1702120004000,train,public,csibench;ESP32;U17;E22;Hard;seg_cover(3)
csib_ESP32_Human_U17_Fall_E22_ESP32_130000.csv,FALL,1702130001000;1702130002500;1702130004000,train,public,csibench;ESP32;U17;E22;Hard;seg_cover(3)
csib_ESP32_Human_U17_Fall_E22_ESP32_131000.csv,FALL,1702140001000;1702140002500;1702140004000,train,public,csibench;ESP32;U17;E22;Hard;seg_cover(3)
csib_ESP32_Human_U17_Fall_E22_ESP32_132000.csv,FALL,1702150001000;1702150002500;1702150004000,train,public,csibench;ESP32;U17;E22;Hard;seg_cover(3)
csib_ESP32_Human_U17_Fall_E22_ESP32_133000.csv,FALL,1702160001000;1702160002500;1702160004000,train,public,csibench;ESP32;U17;E22;Hard;seg_cover(3)
csib_ESP32_Human_U17_Fall_E22_ESP32_134000.csv,FALL,1702170001000;1702170002500;1702170004000,train,public,csibench;ESP32;U17;E22;Hard;seg_cover(3)
csib_ESP32_Human_U17_Fall_E22_ESP32_135000.csv,FALL,1702180001000;1702180002500;1702180004000,train,public,csibench;ESP32;U17;E22;Hard;seg_cover(3)
csib_ESP32_Human_U17_Fall_E22_ESP32_136000.csv,FALL,1702190001000;1702190002500;1702190004000,train,public,csibench;ESP32;U17;E22;Hard;seg_cover(3)
csib_ESP32_Human_U17_Fall_E22_ESP32_137000.csv,FALL,1702200001000;1702200002500;1702200004000,train,public,csibench;ESP32;U17;E22;Hard;seg_cover(3)
csib_ESP32_Human_U17_Fall_E22_ESP32_138000.csv,FALL,1702210001000;1702210002500;1702210004000,train,public,csibench;ESP32;U17;E22;Hard;seg_cover(3)
csib_ESP32_Human_U17_Fall_E22_ESP32_139000.csv,FALL,1702220001000;1702220002500;1702220004000,train,public,csibench;ESP32;U17;E22;Hard;seg_cover(3)
csib_ESP32_Human_U17_Fall_E22_ESP32_140000.csv,FALL,1702230001000;1702230002500;1702230004000,train,public,csibench;ESP32;U17;E22;Hard;seg_cover(3)
csib_ESP32_Human_U17_Fall_E22_ESP32_141000.csv,FALL,1702240001000;1702240002500;1702240004000,train,public,csibench;ESP32;U17;E22;Hard;seg_cover(3)
csib_ESP32_Human_U17_Fall_E22_ESP32_142000.csv,FALL,1702250001000;1702250002500;1702250004000,train,public,csibench;ESP32;U17;E22;Hard;seg_cover(3)
csib_ESP32_Human_U17_Fall_E22_ESP32_143000.csv,FALL,1702260001000;1702260002500;1702260004000,train,public,csibench;ESP32;U17;E22;Hard;seg_cover(3)
csib_ESP32_Human_U17_Fall_E22_ESP32_144000.csv,FALL,1702270001000;1702270002500;1702270004000,train,public,csibench;ESP32;U17;E22;Hard;seg_cover(3)
csib_ESP32_Human_U17_Fall_E22_ESP32_145000.csv,FALL,1702280001000;1702280002500;1702280004000,train,public,csibench;ESP32;U17;E22;Hard;seg_cover(3)
csib_ESP32_Human_U17_Fall_E22_ESP32_146000.csv,FALL,1702290001000;1702290002500;1702290004000,train,public,csibench;ESP32;U17;E22;Hard;seg_cover(3)
csib_ESP32_Human_U17_Fall_E22_ESP32_147000.csv,FALL,1702300001000;1702300002500;1702300004000,train,public,csibench;ESP32;U17;E22;Hard;seg_cover(3)
csib_ESP32_Human_U17_Fall_E22_ESP32_148000.csv,FALL,1702310001000;1702310002500;1702310004000,train,public,csibench;ESP32;U17;E22;Hard;seg_cover(3)
csib_ESP32_Human_U17_Fall_E22_ESP32_149000.csv,FALL,1702320001000;1702320002500;1702320004000,train,public,csibench;ESP32;U17;E22;Hard;seg_cover(3)
csib_ESP32_Human_U17_Fall_E22_ESP32_150000.csv,FALL,1702330001000;1702330002500;1702330004000,train,public,csibench;ESP32;U17;E22;Hard;seg_cover(3)
csib_ESP32_Human_U17_Fall_E22_ESP32_151000.csv,FALL,1702340001000;1702340002500;1702340004000,train,public,csibench;ESP32;U17;E22;Hard;seg_cover(3)
csib_ESP32_Human_U17_Fall_E22_ESP32_152000.csv,FALL,1702350001000;1702350002500;1702350004000,train,public,csibench;ESP32;U17;E22;Hard;seg_cover(3)
csib_ESP32_Human_U17_Fall_E22_ESP32_153000.csv,FALL,1702360001000;1702360002500;1702360004000,train,public,csibench;ESP32;U17;E22;Hard;seg_cover(3)
csib_ESP32_Human_U17_Fall_E22_ESP32_154000.csv,FALL,1702370001000;1702370002500;1702370004000,train,public,csibench;ESP32;U17;E22;Hard;seg_cover(3)
csib_ESP32_Human_U17_Fall_E22_ESP32_155000.csv,FALL,1702380001000;1702380002500;1702380004000,train,public,csibench;ESP32;U17;E22;Hard;seg_cover(3)
csib_ESP32_Human_U17_Nonfall_E22_ESP32_84000.csv,NORMAL,,train,public,csibench;ESP32;U17;E22;Hard
csib_ESP32_Human_U17_Nonfall_E22_ESP32_85000.csv,NORMAL,,train,public,csibench;ESP32;U17;E22;Hard
csib_ESP32_Human_U17_Nonfall_E22_ESP32_86000.csv,NORMAL,,train,public,csibench;ESP32;U17;E22;Hard
csib_ESP32_Human_U17_Nonfall_E22_ESP32_87000.csv,NORMAL,,train,public,csibench;ESP32;U17;E22;Hard
csib_ESP32_Human_U17_Nonfall_E22_ESP32_88000.csv,NORMAL,,train,public,csibench;ESP32;U17;E22;Hard
csib_ESP32_Human_U17_Nonfall_E22_ESP32_89000.csv,NORMAL,,train,public,csibench;ESP32;U17;E22;Hard
csib_ESP32_Human_U17_Nonfall_E22_ESP32_90000.csv,NORMAL,,train,public,csibench;ESP32;U17;E22;Hard
csib_ESP32_Human_U17_Nonfall_E22_ESP32_91000.csv,NORMAL,,train,public,csibench;ESP32;U17;E22;Hard
csib_ESP32_Human_U17_Nonfall_E22_ESP32_92000.csv,NORMAL,,train,public,csibench;ESP32;U17;E22;Hard
csib_ESP32_Human_U17_Nonfall_E22_ESP32_93000.csv,NORMAL,,train,public,csibench;ESP32;U17;E22;Hard
csib_ESP32_Human_U17_Nonfall_E22_ESP32_94000.csv,NORMAL,,train,public,csibench;ESP32;U17;E22;Hard
csib_ESP32_Human_U17_Nonfall_E22_ESP32_95000.csv,NORMAL,,train,public,csibench;ESP32;U17;E22;Hard
csib_ESP32_Human_U17_Nonfall_E22_ESP32_96000.csv,NORMAL,,train,public,csibench;ESP32;U17;E22;Hard
csib_ESP32_Human_U18_Fall_E22_ESP32_156000.csv,FALL,1702520001000;1702520002500;1702520004000,train,public,csibench;ESP32;U18;E22;Hard;seg_cover(3)
csib_ESP32_Human_U18_Fall_E22_ESP32_157000.csv,FALL,1702530001000;1702530002500;1702530004000,train,public,csibench;ESP32;U18;E22;Hard;seg_cover(3)
csib_ESP32_Human_U18_Fall_E22_ESP32_158000.csv,FALL,1702540001000;1702540002500;1702540004000,train,public,csibench;ESP32;U18;E22;Hard;seg_cover(3)
csib_ESP32_Human_U18_Fall_E22_ESP32_159000.csv,FALL,1702550001000;1702550002500;1702550004000,train,public,csibench;ESP32;U18;E22;Hard;seg_cover(3)
csib_ESP32_Human_U18_Fall_E22_ESP32_160000.csv,FALL,1702560001000;1702560002500;1702560004000,train,public,csibench;ESP32;U18;E22;Hard;seg_cover(3)
csib_ESP32_Human_U18_Fall_E22_ESP32_161000.csv,FALL,1702570001000;1702570002500;1702570004000,train,public,csibench;ESP32;U18;E22;Hard;seg_cover(3)
csib_ESP32_Human_U18_Fall_E22_ESP32_162000.csv,FALL,1702580001000;1702580002500;1702580004000,train,public,csibench;ESP32;U18;E22;Hard;seg_cover(3)
csib_ESP32_Human_U18_Fall_E22_ESP32_163000.csv,FALL,1702590001000;1702590002500;1702590004000,train,public,csibench;ESP32;U18;E22;Hard;seg_cover(3)
csib_ESP32_Human_U18_Fall_E22_ESP32_164000.csv,FALL,1702600001000;1702600002500;1702600004000,train,public,csibench;ESP32;U18;E22;Hard;seg_cover(3)
csib_ESP32_Human_U18_Fall_E22_ESP32_165000.csv,FALL,1702610001000;1702610002500;1702610004000,train,public,csibench;ESP32;U18;E22;Hard;seg_cover(3)
csib_ESP32_Human_U18_Fall_E22_ESP32_166000.csv,FALL,1702620001000;1702620002500;1702620004000,train,public,csibench;ESP32;U18;E22;Hard;seg_cover(3)
csib_ESP32_Human_U18_Fall_E22_ESP32_167000.csv,FALL,1702630001000;1702630002500;1702630004000,train,public,csibench;ESP32;U18;E22;Hard;seg_cover(3)
csib_ESP32_Human_U18_Fall_E22_ESP32_168000.csv,FALL,1702640001000;1702640002500;1702640004000,train,public,csibench;ESP32;U18;E22;Hard;seg_cover(3)
csib_ESP32_Human_U18_Fall_E22_ESP32_169000.csv,FALL,1702650001000;1702650002500;1702650004000,train,public,csibench;ESP32;U18;E22;Hard;seg_cover(3)
csib_ESP32_Human_U18_Fall_E22_ESP32_170000.csv,FALL,1702660001000;1702660002500;1702660004000,train,public,csibench;ESP32;U18;E22;Hard;seg_cover(3)
csib_ESP32_Human_U18_Nonfall_E22_ESP32_100000.csv,NORMAL,,train,public,csibench;ESP32;U18;E22;Hard
csib_ESP32_Human_U18_Nonfall_E22_ESP32_101000.csv,NORMAL,,train,public,csibench;ESP32;U18;E22;Hard
csib_ESP32_Human_U18_Nonfall_E22_ESP32_102000.csv,NORMAL,,train,public,csibench;ESP32;U18;E22;Hard
csib_ESP32_Human_U18_Nonfall_E22_ESP32_103000.csv,NORMAL,,train,public,csibench;ESP32;U18;E22;Hard
csib_ESP32_Human_U18_Nonfall_E22_ESP32_104000.csv,NORMAL,,train,public,csibench;ESP32;U18;E22;Hard
csib_ESP32_Human_U18_Nonfall_E22_ESP32_105000.csv,NORMAL,,train,public,csibench;ESP32;U18;E22;Hard
csib_ESP32_Human_U18_Nonfall_E22_ESP32_106000.csv,NORMAL,,train,public,csibench;ESP32;U18;E22;Hard
csib_ESP32_Human_U18_Nonfall_E22_ESP32_107000.csv,NORMAL,,train,public,csibench;ESP32;U18;E22;Hard
csib_ESP32_Human_U18_Nonfall_E22_ESP32_108000.csv,NORMAL,,train,public,csibench;ESP32;U18;E22;Hard
csib_ESP32_Human_U18_Nonfall_E22_ESP32_109000.csv,NORMAL,,train,public,csibench;ESP32;U18;E22;Hard
csib_ESP32_Human_U18_Nonfall_E22_ESP32_110000.csv,NORMAL,,train,public,csibench;ESP32;U18;E22;Hard
csib_ESP32_Human_U18_Nonfall_E22_ESP32_111000.csv,NORMAL,,train,public,csibench;ESP32;U18;E22;Hard
csib_ESP32_Human_U18_Nonfall_E22_ESP32_112000.csv,NORMAL,,train,public,csibench;ESP32;U18;E22;Hard
csib_ESP32_Human_U18_Nonfall_E22_ESP32_113000.csv,NORMAL,,train,public,csibench;ESP32;U18;E22;Hard
csib_ESP32_Human_U18_Nonfall_E22_ESP32_114000.csv,NORMAL,,train,public,csibench;ESP32;U18;E22;Hard
csib_ESP32_Human_U18_Nonfall_E22_ESP32_115000.csv,NORMAL,,train,public,csibench;ESP32;U18;E22;Hard
csib_ESP32_Human_U18_Nonfall_E22_ESP32_116000.csv,NORMAL,,train,public,csibench;ESP32;U18;E22;Hard
csib_ESP32_Human_U18_Nonfall_E22_ESP32_117000.csv,NORMAL,,train,public,csibench;ESP32;U18;E22;Hard
csib_ESP32_Human_U18_Nonfall_E22_ESP32_118000.csv,NORMAL,,train,public,csibench;ESP32;U18;E22;Hard
csib_ESP32_Human_U18_Nonfall_E22_ESP32_97000.csv,NORMAL,,train,public,csibench;ESP32;U18;E22;Hard
csib_ESP32_Human_U18_Nonfall_E22_ESP32_98000.csv,NORMAL,,train,public,csibench;ESP32;U18;E22;Hard
csib_ESP32_Human_U18_Nonfall_E22_ESP32_99000.csv,NORMAL,,train,public,csibench;ESP32;U18;E22;Hard
csib_ESP32_Human_U19_Fall_E22_ESP32_171000.csv,FALL,1702890001000;1702890002500;1702890004000,train,public,csibench;ESP32;U19;E22;Hard;seg_cover(3)
csib_ESP32_Human_U19_Fall_E22_ESP32_172000.csv,FALL,1702900001000;1702900002500;1702900004000,train,public,csibench;ESP32;U19;E22;Hard;seg_cover(3)
csib_ESP32_Human_U19_Fall_E22_ESP32_173000.csv,FALL,1702910001000;1702910002500;1702910004000,train,public,csibench;ESP32;U19;E22;Hard;seg_cover(3)
csib_ESP32_Human_U19_Fall_E22_ESP32_174000.csv,FALL,1702920001000;1702920002500;1702920004000,train,public,csibench;ESP32;U19;E22;Hard;seg_cover(3)
csib_ESP32_Human_U19_Fall_E22_ESP32_175000.csv,FALL,1702930001000;1702930002500;1702930004000,train,public,csibench;ESP32;U19;E22;Hard;seg_cover(3)
csib_ESP32_Human_U19_Fall_E22_ESP32_176000.csv,FALL,1702940001000;1702940002500;1702940004000,train,public,csibench;ESP32;U19;E22;Hard;seg_cover(3)
csib_ESP32_Human_U19_Fall_E22_ESP32_177000.csv,FALL,1702950001000;1702950002500;1702950004000,train,public,csibench;ESP32;U19;E22;Hard;seg_cover(3)
csib_ESP32_Human_U19_Fall_E22_ESP32_178000.csv,FALL,1702960001000;1702960002500;1702960004000,train,public,csibench;ESP32;U19;E22;Hard;seg_cover(3)
csib_ESP32_Human_U19_Fall_E22_ESP32_179000.csv,FALL,1702970001000;1702970002500;1702970004000,train,public,csibench;ESP32;U19;E22;Hard;seg_cover(3)
csib_ESP32_Human_U19_Fall_E22_ESP32_180000.csv,FALL,1702980001000;1702980002500;1702980004000,train,public,csibench;ESP32;U19;E22;Hard;seg_cover(3)
csib_ESP32_Human_U19_Fall_E22_ESP32_181000.csv,FALL,1702990001000;1702990002500;1702990004000,train,public,csibench;ESP32;U19;E22;Hard;seg_cover(3)
csib_ESP32_Human_U19_Fall_E22_ESP32_182000.csv,FALL,1703000001000;1703000002500;1703000004000,train,public,csibench;ESP32;U19;E22;Hard;seg_cover(3)
csib_ESP32_Human_U19_Fall_E22_ESP32_183000.csv,FALL,1703010001000;1703010002500;1703010004000,train,public,csibench;ESP32;U19;E22;Hard;seg_cover(3)
csib_ESP32_Human_U19_Fall_E22_ESP32_184000.csv,FALL,1703020001000;1703020002500;1703020004000,train,public,csibench;ESP32;U19;E22;Hard;seg_cover(3)
csib_ESP32_Human_U19_Fall_E22_ESP32_185000.csv,FALL,1703030001000;1703030002500;1703030004000,train,public,csibench;ESP32;U19;E22;Hard;seg_cover(3)
csib_ESP32_Human_U19_Fall_E22_ESP32_186000.csv,FALL,1703040001000;1703040002500;1703040004000,train,public,csibench;ESP32;U19;E22;Hard;seg_cover(3)
csib_ESP32_Human_U19_Fall_E22_ESP32_187000.csv,FALL,1703050001000;1703050002500;1703050004000,train,public,csibench;ESP32;U19;E22;Hard;seg_cover(3)
csib_ESP32_Human_U19_Fall_E22_ESP32_188000.csv,FALL,1703060001000;1703060002500;1703060004000,train,public,csibench;ESP32;U19;E22;Hard;seg_cover(3)
csib_ESP32_Human_U19_Fall_E22_ESP32_189000.csv,FALL,1703070001000;1703070002500;1703070004000,train,public,csibench;ESP32;U19;E22;Hard;seg_cover(3)
csib_ESP32_Human_U19_Fall_E22_ESP32_190000.csv,FALL,1703080001000;1703080002500;1703080004000,train,public,csibench;ESP32;U19;E22;Hard;seg_cover(3)
csib_ESP32_Human_U19_Fall_E22_ESP32_191000.csv,FALL,1703090001000;1703090002500;1703090004000,train,public,csibench;ESP32;U19;E22;Hard;seg_cover(3)
csib_ESP32_Human_U19_Fall_E22_ESP32_192000.csv,FALL,1703100001000;1703100002500;1703100004000,train,public,csibench;ESP32;U19;E22;Hard;seg_cover(3)
csib_ESP32_Human_U19_Fall_E22_ESP32_193000.csv,FALL,1703110001000;1703110002500;1703110004000,train,public,csibench;ESP32;U19;E22;Hard;seg_cover(3)
csib_ESP32_Human_U19_Fall_E22_ESP32_194000.csv,FALL,1703120001000;1703120002500;1703120004000,train,public,csibench;ESP32;U19;E22;Hard;seg_cover(3)
csib_ESP32_Human_U19_Fall_E22_ESP32_195000.csv,FALL,1703130001000;1703130002500;1703130004000,train,public,csibench;ESP32;U19;E22;Hard;seg_cover(3)
csib_ESP32_Human_U19_Fall_E22_ESP32_196000.csv,FALL,1703140001000;1703140002500;1703140004000,train,public,csibench;ESP32;U19;E22;Hard;seg_cover(3)
csib_ESP32_Human_U19_Fall_E22_ESP32_197000.csv,FALL,1703150001000;1703150002500;1703150004000,train,public,csibench;ESP32;U19;E22;Hard;seg_cover(3)
csib_ESP32_Human_U19_Fall_E22_ESP32_198000.csv,FALL,1703160001000;1703160002500;1703160004000,train,public,csibench;ESP32;U19;E22;Hard;seg_cover(3)
csib_ESP32_Human_U19_Fall_E22_ESP32_199000.csv,FALL,1703170001000;1703170002500;1703170004000,train,public,csibench;ESP32;U19;E22;Hard;seg_cover(3)
csib_ESP32_Human_U19_Fall_E22_ESP32_200000.csv,FALL,1703180001000;1703180002500;1703180004000,train,public,csibench;ESP32;U19;E22;Hard;seg_cover(3)
csib_ESP32_Human_U19_Fall_E22_ESP32_201000.csv,FALL,1703190001000;1703190002500;1703190004000,train,public,csibench;ESP32;U19;E22;Hard;seg_cover(3)
csib_ESP32_Human_U19_Fall_E22_ESP32_202000.csv,FALL,1703200001000;1703200002500;1703200004000,train,public,csibench;ESP32;U19;E22;Hard;seg_cover(3)
csib_ESP32_Human_U19_Fall_E22_ESP32_203000.csv,FALL,1703210001000;1703210002500;1703210004000,train,public,csibench;ESP32;U19;E22;Hard;seg_cover(3)
csib_ESP32_Human_U19_Fall_E22_ESP32_204000.csv,FALL,1703220001000;1703220002500;1703220004000,train,public,csibench;ESP32;U19;E22;Hard;seg_cover(3)
csib_ESP32_Human_U19_Fall_E22_ESP32_205000.csv,FALL,1703230001000;1703230002500;1703230004000,train,public,csibench;ESP32;U19;E22;Hard;seg_cover(3)
csib_ESP32_Human_U19_Fall_E22_ESP32_206000.csv,FALL,1703240001000;1703240002500;1703240004000,train,public,csibench;ESP32;U19;E22;Hard;seg_cover(3)
csib_ESP32_Human_U19_Fall_E22_ESP32_207000.csv,FALL,1703250001000;1703250002500;1703250004000,train,public,csibench;ESP32;U19;E22;Hard;seg_cover(3)
csib_ESP32_Human_U19_Fall_E22_ESP32_208000.csv,FALL,1703260001000;1703260002500;1703260004000,train,public,csibench;ESP32;U19;E22;Hard;seg_cover(3)
csib_ESP32_Human_U19_Fall_E22_ESP32_209000.csv,FALL,1703270001000;1703270002500;1703270004000,train,public,csibench;ESP32;U19;E22;Hard;seg_cover(3)
csib_ESP32_Human_U19_Fall_E22_ESP32_210000.csv,FALL,1703280001000;1703280002500;1703280004000,train,public,csibench;ESP32;U19;E22;Hard;seg_cover(3)
csib_ESP32_Human_U19_Nonfall_E22_ESP32_119000.csv,NORMAL,,train,public,csibench;ESP32;U19;E22;Hard
csib_ESP32_Human_U19_Nonfall_E22_ESP32_120000.csv,NORMAL,,train,public,csibench;ESP32;U19;E22;Hard
csib_ESP32_Human_U19_Nonfall_E22_ESP32_121000.csv,NORMAL,,train,public,csibench;ESP32;U19;E22;Hard
csib_ESP32_Human_U19_Nonfall_E22_ESP32_122000.csv,NORMAL,,train,public,csibench;ESP32;U19;E22;Hard
csib_ESP32_Human_U19_Nonfall_E22_ESP32_123000.csv,NORMAL,,train,public,csibench;ESP32;U19;E22;Hard
csib_ESP32_Human_U19_Nonfall_E22_ESP32_124000.csv,NORMAL,,train,public,csibench;ESP32;U19;E22;Hard
csib_ESP32_Human_U19_Nonfall_E22_ESP32_125000.csv,NORMAL,,train,public,csibench;ESP32;U19;E22;Hard
csib_ESP32_Human_U19_Nonfall_E22_ESP32_126000.csv,NORMAL,,train,public,csibench;ESP32;U19;E22;Hard
csib_ESP32_Human_U19_Nonfall_E22_ESP32_127000.csv,NORMAL,,train,public,csibench;ESP32;U19;E22;Hard
csib_ESP32_Human_U19_Nonfall_E22_ESP32_128000.csv,NORMAL,,train,public,csibench;ESP32;U19;E22;Hard
csib_ESP32_Human_U19_Nonfall_E22_ESP32_129000.csv,NORMAL,,train,public,csibench;ESP32;U19;E22;Hard
csib_ESP32_Human_U19_Nonfall_E22_ESP32_130000.csv,NORMAL,,train,public,csibench;ESP32;U19;E22;Hard
csib_ESP32_Human_U19_Nonfall_E22_ESP32_131000.csv,NORMAL,,train,public,csibench;ESP32;U19;E22;Hard
csib_ESP32_Human_U19_Nonfall_E22_ESP32_132000.csv,NORMAL,,train,public,csibench;ESP32;U19;E22;Hard
csib_ESP32_Human_U19_Nonfall_E22_ESP32_133000.csv,NORMAL,,train,public,csibench;ESP32;U19;E22;Hard
csib_ESP32_Human_U19_Nonfall_E22_ESP32_134000.csv,NORMAL,,train,public,csibench;ESP32;U19;E22;Hard
csib_ESP32_Human_U19_Nonfall_E22_ESP32_135000.csv,NORMAL,,train,public,csibench;ESP32;U19;E22;Hard
csib_ESP32_Human_U19_Nonfall_E22_ESP32_136000.csv,NORMAL,,train,public,csibench;ESP32;U19;E22;Hard
csib_ESP32_Human_U19_Nonfall_E22_ESP32_137000.csv,NORMAL,,train,public,csibench;ESP32;U19;E22;Hard
csib_ESP32_Human_U19_Nonfall_E22_ESP32_138000.csv,NORMAL,,train,public,csibench;ESP32;U19;E22;Hard
csib_ESP32_Human_U19_Nonfall_E22_ESP32_139000.csv,NORMAL,,train,public,csibench;ESP32;U19;E22;Hard
csib_ESP32_Human_U19_Nonfall_E22_ESP32_140000.csv,NORMAL,,train,public,csibench;ESP32;U19;E22;Hard
csib_ESP32_Human_U19_Nonfall_E22_ESP32_141000.csv,NORMAL,,train,public,csibench;ESP32;U19;E22;Hard
csib_ESP32_Human_U19_Nonfall_E22_ESP32_142000.csv,NORMAL,,train,public,csibench;ESP32;U19;E22;Hard
csib_ESP32_Human_U19_Nonfall_E22_ESP32_143000.csv,NORMAL,,train,public,csibench;ESP32;U19;E22;Hard
csib_ESP32_Human_U19_Nonfall_E22_ESP32_144000.csv,NORMAL,,train,public,csibench;ESP32;U19;E22;Hard
csib_ESP32_Human_U19_Nonfall_E22_ESP32_145000.csv,NORMAL,,train,public,csibench;ESP32;U19;E22;Hard
csib_ESP32_Human_U19_Nonfall_E22_ESP32_146000.csv,NORMAL,,train,public,csibench;ESP32;U19;E22;Hard
csib_ESP32_Human_U19_Nonfall_E22_ESP32_147000.csv,NORMAL,,train,public,csibench;ESP32;U19;E22;Hard
csib_ESP32_Human_U19_Nonfall_E22_ESP32_148000.csv,NORMAL,,train,public,csibench;ESP32;U19;E22;Hard
csib_ESP32_Human_U19_Nonfall_E22_ESP32_149000.csv,NORMAL,,train,public,csibench;ESP32;U19;E22;Hard
csib_ESP32_Human_U19_Nonfall_E22_ESP32_150000.csv,NORMAL,,train,public,csibench;ESP32;U19;E22;Hard
csib_ESP32_Human_U19_Nonfall_E22_ESP32_151000.csv,NORMAL,,train,public,csibench;ESP32;U19;E22;Hard
csib_ESP32_Human_U19_Nonfall_E22_ESP32_152000.csv,NORMAL,,train,public,csibench;ESP32;U19;E22;Hard
csib_ESP32_Human_U19_Nonfall_E22_ESP32_153000.csv,NORMAL,,train,public,csibench;ESP32;U19;E22;Hard
csib_ESP32_Human_U19_Nonfall_E22_ESP32_154000.csv,NORMAL,,train,public,csibench;ESP32;U19;E22;Hard
csib_ESP32_Human_U19_Nonfall_E22_ESP32_155000.csv,NORMAL,,train,public,csibench;ESP32;U19;E22;Hard
csib_ESP32_Human_U21_Fall_E22_ESP32_211000.csv,FALL,1703660001000;1703660002500;1703660004000,train,public,csibench;ESP32;U21;E22;Hard;seg_cover(3)
csib_ESP32_Human_U21_Fall_E22_ESP32_212000.csv,FALL,1703670001000;1703670002500;1703670004000,train,public,csibench;ESP32;U21;E22;Hard;seg_cover(3)
csib_ESP32_Human_U21_Fall_E22_ESP32_213000.csv,FALL,1703680001000;1703680002500;1703680004000,train,public,csibench;ESP32;U21;E22;Hard;seg_cover(3)
csib_ESP32_Human_U21_Fall_E22_ESP32_214000.csv,FALL,1703690001000;1703690002500;1703690004000,train,public,csibench;ESP32;U21;E22;Hard;seg_cover(3)
csib_ESP32_Human_U21_Fall_E22_ESP32_215000.csv,FALL,1703700001000;1703700002500;1703700004000,train,public,csibench;ESP32;U21;E22;Hard;seg_cover(3)
csib_ESP32_Human_U21_Fall_E22_ESP32_216000.csv,FALL,1703710001000;1703710002500;1703710004000,train,public,csibench;ESP32;U21;E22;Hard;seg_cover(3)
csib_ESP32_Human_U21_Fall_E22_ESP32_217000.csv,FALL,1703720001000;1703720002500;1703720004000,train,public,csibench;ESP32;U21;E22;Hard;seg_cover(3)
csib_ESP32_Human_U21_Fall_E22_ESP32_218000.csv,FALL,1703730001000;1703730002500;1703730004000,train,public,csibench;ESP32;U21;E22;Hard;seg_cover(3)
csib_ESP32_Human_U21_Fall_E22_ESP32_219000.csv,FALL,1703740001000;1703740002500;1703740004000,train,public,csibench;ESP32;U21;E22;Hard;seg_cover(3)
csib_ESP32_Human_U21_Fall_E22_ESP32_220000.csv,FALL,1703750001000;1703750002500;1703750004000,train,public,csibench;ESP32;U21;E22;Hard;seg_cover(3)
csib_ESP32_Human_U21_Fall_E22_ESP32_221000.csv,FALL,1703760001000;1703760002500;1703760004000,train,public,csibench;ESP32;U21;E22;Hard;seg_cover(3)
csib_ESP32_Human_U21_Fall_E22_ESP32_222000.csv,FALL,1703770001000;1703770002500;1703770004000,train,public,csibench;ESP32;U21;E22;Hard;seg_cover(3)
csib_ESP32_Human_U21_Fall_E22_ESP32_223000.csv,FALL,1703780001000;1703780002500;1703780004000,train,public,csibench;ESP32;U21;E22;Hard;seg_cover(3)
csib_ESP32_Human_U21_Fall_E22_ESP32_224000.csv,FALL,1703790001000;1703790002500;1703790004000,train,public,csibench;ESP32;U21;E22;Hard;seg_cover(3)
csib_ESP32_Human_U21_Fall_E22_ESP32_225000.csv,FALL,1703800001000;1703800002500;1703800004000,train,public,csibench;ESP32;U21;E22;Hard;seg_cover(3)
csib_ESP32_Human_U21_Fall_E22_ESP32_226000.csv,FALL,1703810001000;1703810002500;1703810004000,train,public,csibench;ESP32;U21;E22;Hard;seg_cover(3)
csib_ESP32_Human_U21_Fall_E22_ESP32_227000.csv,FALL,1703820001000;1703820002500;1703820004000,train,public,csibench;ESP32;U21;E22;Hard;seg_cover(3)
csib_ESP32_Human_U21_Fall_E22_ESP32_228000.csv,FALL,1703830001000;1703830002500;1703830004000,train,public,csibench;ESP32;U21;E22;Hard;seg_cover(3)
csib_ESP32_Human_U21_Fall_E22_ESP32_229000.csv,FALL,1703840001000;1703840002500;1703840004000,train,public,csibench;ESP32;U21;E22;Hard;seg_cover(3)
csib_ESP32_Human_U21_Fall_E22_ESP32_230000.csv,FALL,1703850001000;1703850002500;1703850004000,train,public,csibench;ESP32;U21;E22;Hard;seg_cover(3)
csib_ESP32_Human_U21_Fall_E22_ESP32_231000.csv,FALL,1703860001000;1703860002500;1703860004000,train,public,csibench;ESP32;U21;E22;Hard;seg_cover(3)
csib_ESP32_Human_U21_Fall_E22_ESP32_232000.csv,FALL,1703870001000;1703870002500;1703870004000,train,public,csibench;ESP32;U21;E22;Hard;seg_cover(3)
csib_ESP32_Human_U21_Fall_E22_ESP32_233000.csv,FALL,1703880001000;1703880002500;1703880004000,train,public,csibench;ESP32;U21;E22;Hard;seg_cover(3)
csib_ESP32_Human_U21_Fall_E22_ESP32_234000.csv,FALL,1703890001000;1703890002500;1703890004000,train,public,csibench;ESP32;U21;E22;Hard;seg_cover(3)
csib_ESP32_Human_U21_Fall_E22_ESP32_235000.csv,FALL,1703900001000;1703900002500;1703900004000,train,public,csibench;ESP32;U21;E22;Hard;seg_cover(3)
csib_ESP32_Human_U21_Fall_E22_ESP32_236000.csv,FALL,1703910001000;1703910002500;1703910004000,train,public,csibench;ESP32;U21;E22;Hard;seg_cover(3)
csib_ESP32_Human_U21_Fall_E22_ESP32_237000.csv,FALL,1703920001000;1703920002500;1703920004000,train,public,csibench;ESP32;U21;E22;Hard;seg_cover(3)
csib_ESP32_Human_U21_Fall_E22_ESP32_238000.csv,FALL,1703930001000;1703930002500;1703930004000,train,public,csibench;ESP32;U21;E22;Hard;seg_cover(3)
csib_ESP32_Human_U21_Fall_E22_ESP32_239000.csv,FALL,1703940001000;1703940002500;1703940004000,train,public,csibench;ESP32;U21;E22;Hard;seg_cover(3)
csib_ESP32_Human_U21_Fall_E22_ESP32_240000.csv,FALL,1703950001000;1703950002500;1703950004000,train,public,csibench;ESP32;U21;E22;Hard;seg_cover(3)
csib_ESP32_Human_U21_Fall_E22_ESP32_241000.csv,FALL,1703960001000;1703960002500;1703960004000,train,public,csibench;ESP32;U21;E22;Hard;seg_cover(3)
csib_ESP32_Human_U21_Fall_E22_ESP32_242000.csv,FALL,1703970001000;1703970002500;1703970004000,train,public,csibench;ESP32;U21;E22;Hard;seg_cover(3)
csib_ESP32_Human_U21_Fall_E22_ESP32_243000.csv,FALL,1703980001000;1703980002500;1703980004000,train,public,csibench;ESP32;U21;E22;Hard;seg_cover(3)
csib_ESP32_Human_U21_Fall_E22_ESP32_244000.csv,FALL,1703990001000;1703990002500;1703990004000,train,public,csibench;ESP32;U21;E22;Hard;seg_cover(3)
csib_ESP32_Human_U21_Fall_E22_ESP32_245000.csv,FALL,1704000001000;1704000002500;1704000004000,train,public,csibench;ESP32;U21;E22;Hard;seg_cover(3)
csib_ESP32_Human_U21_Fall_E22_ESP32_246000.csv,FALL,1704010001000;1704010002500;1704010004000,train,public,csibench;ESP32;U21;E22;Hard;seg_cover(3)
csib_ESP32_Human_U21_Fall_E22_ESP32_247000.csv,FALL,1704020001000;1704020002500;1704020004000,train,public,csibench;ESP32;U21;E22;Hard;seg_cover(3)
csib_ESP32_Human_U21_Fall_E22_ESP32_248000.csv,FALL,1704030001000;1704030002500;1704030004000,train,public,csibench;ESP32;U21;E22;Hard;seg_cover(3)
csib_ESP32_Human_U21_Fall_E22_ESP32_249000.csv,FALL,1704040001000;1704040002500;1704040004000,train,public,csibench;ESP32;U21;E22;Hard;seg_cover(3)
csib_ESP32_Human_U21_Fall_E22_ESP32_250000.csv,FALL,1704050001000;1704050002500;1704050004000,train,public,csibench;ESP32;U21;E22;Hard;seg_cover(3)
csib_ESP32_Human_U21_Nonfall_E22_ESP32_156000.csv,NORMAL,,train,public,csibench;ESP32;U21;E22;Hard
csib_ESP32_Human_U21_Nonfall_E22_ESP32_157000.csv,NORMAL,,train,public,csibench;ESP32;U21;E22;Hard
csib_ESP32_Human_U21_Nonfall_E22_ESP32_158000.csv,NORMAL,,train,public,csibench;ESP32;U21;E22;Hard
csib_ESP32_Human_U21_Nonfall_E22_ESP32_159000.csv,NORMAL,,train,public,csibench;ESP32;U21;E22;Hard
csib_ESP32_Human_U21_Nonfall_E22_ESP32_160000.csv,NORMAL,,train,public,csibench;ESP32;U21;E22;Hard
csib_ESP32_Human_U21_Nonfall_E22_ESP32_161000.csv,NORMAL,,train,public,csibench;ESP32;U21;E22;Hard
csib_ESP32_Human_U21_Nonfall_E22_ESP32_162000.csv,NORMAL,,train,public,csibench;ESP32;U21;E22;Hard
csib_ESP32_Human_U21_Nonfall_E22_ESP32_163000.csv,NORMAL,,train,public,csibench;ESP32;U21;E22;Hard
csib_ESP32_Human_U21_Nonfall_E22_ESP32_164000.csv,NORMAL,,train,public,csibench;ESP32;U21;E22;Hard
csib_ESP32_Human_U21_Nonfall_E22_ESP32_165000.csv,NORMAL,,train,public,csibench;ESP32;U21;E22;Hard
csib_ESP32_Human_U21_Nonfall_E22_ESP32_166000.csv,NORMAL,,train,public,csibench;ESP32;U21;E22;Hard
csib_ESP32_Human_U21_Nonfall_E22_ESP32_167000.csv,NORMAL,,train,public,csibench;ESP32;U21;E22;Hard
csib_ESP32_Human_U21_Nonfall_E22_ESP32_168000.csv,NORMAL,,train,public,csibench;ESP32;U21;E22;Hard
csib_ESP32_Human_U21_Nonfall_E22_ESP32_169000.csv,NORMAL,,train,public,csibench;ESP32;U21;E22;Hard
csib_ESP32_Human_U21_Nonfall_E22_ESP32_170000.csv,NORMAL,,train,public,csibench;ESP32;U21;E22;Hard
csib_ESP32_Human_U21_Nonfall_E22_ESP32_171000.csv,NORMAL,,train,public,csibench;ESP32;U21;E22;Hard
csib_ESP32_Human_U21_Nonfall_E22_ESP32_172000.csv,NORMAL,,train,public,csibench;ESP32;U21;E22;Hard
csib_ESP32_Human_U21_Nonfall_E22_ESP32_173000.csv,NORMAL,,train,public,csibench;ESP32;U21;E22;Hard
csib_ESP32_Human_U21_Nonfall_E22_ESP32_174000.csv,NORMAL,,train,public,csibench;ESP32;U21;E22;Hard
csib_ESP32_Human_U21_Nonfall_E22_ESP32_175000.csv,NORMAL,,train,public,csibench;ESP32;U21;E22;Hard
csib_ESP32_Human_U21_Nonfall_E22_ESP32_176000.csv,NORMAL,,train,public,csibench;ESP32;U21;E22;Hard
csib_ESP32_Human_U21_Nonfall_E22_ESP32_177000.csv,NORMAL,,train,public,csibench;ESP32;U21;E22;Hard
csib_ESP32_Human_U21_Nonfall_E22_ESP32_178000.csv,NORMAL,,train,public,csibench;ESP32;U21;E22;Hard
csib_ESP32_Human_U21_Nonfall_E22_ESP32_179000.csv,NORMAL,,train,public,csibench;ESP32;U21;E22;Hard
csib_ESP32_Human_U21_Nonfall_E22_ESP32_180000.csv,NORMAL,,train,public,csibench;ESP32;U21;E22;Hard
csib_ESP32_Human_U21_Nonfall_E22_ESP32_181000.csv,NORMAL,,train,public,csibench;ESP32;U21;E22;Hard
csib_ESP32_Human_U21_Nonfall_E22_ESP32_182000.csv,NORMAL,,train,public,csibench;ESP32;U21;E22;Hard
csib_ESP32_Human_U21_Nonfall_E22_ESP32_183000.csv,NORMAL,,train,public,csibench;ESP32;U21;E22;Hard
csib_ESP32_Human_U21_Nonfall_E22_ESP32_184000.csv,NORMAL,,train,public,csibench;ESP32;U21;E22;Hard
csib_ESP32_Human_U21_Nonfall_E22_ESP32_185000.csv,NORMAL,,train,public,csibench;ESP32;U21;E22;Hard
csib_ESP32_Human_U21_Nonfall_E22_ESP32_186000.csv,NORMAL,,train,public,csibench;ESP32;U21;E22;Hard
csib_ESP32_Human_U21_Nonfall_E22_ESP32_187000.csv,NORMAL,,train,public,csibench;ESP32;U21;E22;Hard
csib_ESP32_Human_U21_Nonfall_E22_ESP32_188000.csv,NORMAL,,train,public,csibench;ESP32;U21;E22;Hard
csib_ESP32_Human_U21_Nonfall_E22_ESP32_189000.csv,NORMAL,,train,public,csibench;ESP32;U21;E22;Hard
csib_ESP32_Human_U21_Nonfall_E22_ESP32_190000.csv,NORMAL,,train,public,csibench;ESP32;U21;E22;Hard
csib_ESP32_Human_U21_Nonfall_E22_ESP32_191000.csv,NORMAL,,train,public,csibench;ESP32;U21;E22;Hard
csib_ESP32_Human_U21_Nonfall_E22_ESP32_192000.csv,NORMAL,,train,public,csibench;ESP32;U21;E22;Hard
csib_ESP32_Human_U21_Nonfall_E22_ESP32_193000.csv,NORMAL,,train,public,csibench;ESP32;U21;E22;Hard
csib_ESP32_Human_U21_Nonfall_E22_ESP32_194000.csv,NORMAL,,train,public,csibench;ESP32;U21;E22;Hard
csib_ESP32_Human_U21_Nonfall_E22_ESP32_195000.csv,NORMAL,,train,public,csibench;ESP32;U21;E22;Hard
csib_ESP32_Human_U22_Fall_E22_ESP32_251000.csv,FALL,1704460001000;1704460002500;1704460004000,train,public,csibench;ESP32;U22;E22;Hard;seg_cover(3)
csib_ESP32_Human_U22_Fall_E22_ESP32_252000.csv,FALL,1704470001000;1704470002500;1704470004000,train,public,csibench;ESP32;U22;E22;Hard;seg_cover(3)
csib_ESP32_Human_U22_Fall_E22_ESP32_253000.csv,FALL,1704480001000;1704480002500;1704480004000,train,public,csibench;ESP32;U22;E22;Hard;seg_cover(3)
csib_ESP32_Human_U22_Fall_E22_ESP32_254000.csv,FALL,1704490001000;1704490002500;1704490004000,train,public,csibench;ESP32;U22;E22;Hard;seg_cover(3)
csib_ESP32_Human_U22_Fall_E22_ESP32_255000.csv,FALL,1704500001000;1704500002500;1704500004000,train,public,csibench;ESP32;U22;E22;Hard;seg_cover(3)
csib_ESP32_Human_U22_Fall_E22_ESP32_256000.csv,FALL,1704510001000;1704510002500;1704510004000,train,public,csibench;ESP32;U22;E22;Hard;seg_cover(3)
csib_ESP32_Human_U22_Fall_E22_ESP32_257000.csv,FALL,1704520001000;1704520002500;1704520004000,train,public,csibench;ESP32;U22;E22;Hard;seg_cover(3)
csib_ESP32_Human_U22_Fall_E22_ESP32_258000.csv,FALL,1704530001000;1704530002500;1704530004000,train,public,csibench;ESP32;U22;E22;Hard;seg_cover(3)
csib_ESP32_Human_U22_Fall_E22_ESP32_259000.csv,FALL,1704540001000;1704540002500;1704540004000,train,public,csibench;ESP32;U22;E22;Hard;seg_cover(3)
csib_ESP32_Human_U22_Fall_E22_ESP32_260000.csv,FALL,1704550001000;1704550002500;1704550004000,train,public,csibench;ESP32;U22;E22;Hard;seg_cover(3)
csib_ESP32_Human_U22_Fall_E22_ESP32_261000.csv,FALL,1704560001000;1704560002500;1704560004000,train,public,csibench;ESP32;U22;E22;Hard;seg_cover(3)
csib_ESP32_Human_U22_Fall_E22_ESP32_262000.csv,FALL,1704570001000;1704570002500;1704570004000,train,public,csibench;ESP32;U22;E22;Hard;seg_cover(3)
csib_ESP32_Human_U22_Fall_E22_ESP32_263000.csv,FALL,1704580001000;1704580002500;1704580004000,train,public,csibench;ESP32;U22;E22;Hard;seg_cover(3)
csib_ESP32_Human_U22_Fall_E22_ESP32_264000.csv,FALL,1704590001000;1704590002500;1704590004000,train,public,csibench;ESP32;U22;E22;Hard;seg_cover(3)
csib_ESP32_Human_U22_Fall_E22_ESP32_265000.csv,FALL,1704600001000;1704600002500;1704600004000,train,public,csibench;ESP32;U22;E22;Hard;seg_cover(3)
csib_ESP32_Human_U22_Fall_E22_ESP32_266000.csv,FALL,1704610001000;1704610002500;1704610004000,train,public,csibench;ESP32;U22;E22;Hard;seg_cover(3)
csib_ESP32_Human_U22_Fall_E22_ESP32_267000.csv,FALL,1704620001000;1704620002500;1704620004000,train,public,csibench;ESP32;U22;E22;Hard;seg_cover(3)
csib_ESP32_Human_U22_Fall_E22_ESP32_268000.csv,FALL,1704630001000;1704630002500;1704630004000,train,public,csibench;ESP32;U22;E22;Hard;seg_cover(3)
csib_ESP32_Human_U22_Fall_E22_ESP32_269000.csv,FALL,1704640001000;1704640002500;1704640004000,train,public,csibench;ESP32;U22;E22;Hard;seg_cover(3)
csib_ESP32_Human_U22_Fall_E22_ESP32_270000.csv,FALL,1704650001000;1704650002500;1704650004000,train,public,csibench;ESP32;U22;E22;Hard;seg_cover(3)
csib_ESP32_Human_U22_Fall_E22_ESP32_271000.csv,FALL,1704660001000;1704660002500;1704660004000,train,public,csibench;ESP32;U22;E22;Hard;seg_cover(3)
csib_ESP32_Human_U22_Fall_E22_ESP32_272000.csv,FALL,1704670001000;1704670002500;1704670004000,train,public,csibench;ESP32;U22;E22;Hard;seg_cover(3)
csib_ESP32_Human_U22_Fall_E22_ESP32_273000.csv,FALL,1704680001000;1704680002500;1704680004000,train,public,csibench;ESP32;U22;E22;Hard;seg_cover(3)
csib_ESP32_Human_U22_Fall_E22_ESP32_274000.csv,FALL,1704690001000;1704690002500;1704690004000,train,public,csibench;ESP32;U22;E22;Hard;seg_cover(3)
csib_ESP32_Human_U22_Fall_E22_ESP32_275000.csv,FALL,1704700001000;1704700002500;1704700004000,train,public,csibench;ESP32;U22;E22;Hard;seg_cover(3)
csib_ESP32_Human_U22_Fall_E22_ESP32_276000.csv,FALL,1704710001000;1704710002500;1704710004000,train,public,csibench;ESP32;U22;E22;Hard;seg_cover(3)
csib_ESP32_Human_U22_Fall_E22_ESP32_277000.csv,FALL,1704720001000;1704720002500;1704720004000,train,public,csibench;ESP32;U22;E22;Hard;seg_cover(3)
csib_ESP32_Human_U22_Nonfall_E22_ESP32_196000.csv,NORMAL,,train,public,csibench;ESP32;U22;E22;Hard
csib_ESP32_Human_U22_Nonfall_E22_ESP32_197000.csv,NORMAL,,train,public,csibench;ESP32;U22;E22;Hard
csib_ESP32_Human_U22_Nonfall_E22_ESP32_198000.csv,NORMAL,,train,public,csibench;ESP32;U22;E22;Hard
csib_ESP32_Human_U22_Nonfall_E22_ESP32_199000.csv,NORMAL,,train,public,csibench;ESP32;U22;E22;Hard
csib_ESP32_Human_U22_Nonfall_E22_ESP32_200000.csv,NORMAL,,train,public,csibench;ESP32;U22;E22;Hard
csib_ESP32_Human_U22_Nonfall_E22_ESP32_201000.csv,NORMAL,,train,public,csibench;ESP32;U22;E22;Hard
csib_ESP32_Human_U22_Nonfall_E22_ESP32_202000.csv,NORMAL,,train,public,csibench;ESP32;U22;E22;Hard
csib_ESP32_Human_U22_Nonfall_E22_ESP32_203000.csv,NORMAL,,train,public,csibench;ESP32;U22;E22;Hard
csib_ESP32_Human_U22_Nonfall_E22_ESP32_204000.csv,NORMAL,,train,public,csibench;ESP32;U22;E22;Hard
csib_ESP32_Human_U22_Nonfall_E22_ESP32_205000.csv,NORMAL,,train,public,csibench;ESP32;U22;E22;Hard
csib_ESP32_Human_U22_Nonfall_E22_ESP32_206000.csv,NORMAL,,train,public,csibench;ESP32;U22;E22;Hard
csib_ESP32_Human_U22_Nonfall_E22_ESP32_207000.csv,NORMAL,,train,public,csibench;ESP32;U22;E22;Hard
csib_ESP32_Human_U22_Nonfall_E22_ESP32_208000.csv,NORMAL,,train,public,csibench;ESP32;U22;E22;Hard
csib_ESP32_Human_U22_Nonfall_E22_ESP32_209000.csv,NORMAL,,train,public,csibench;ESP32;U22;E22;Hard
csib_ESP32_Human_U22_Nonfall_E22_ESP32_210000.csv,NORMAL,,train,public,csibench;ESP32;U22;E22;Hard
csib_ESP32_Human_U22_Nonfall_E22_ESP32_211000.csv,NORMAL,,train,public,csibench;ESP32;U22;E22;Hard
csib_ESP32_Human_U22_Nonfall_E22_ESP32_212000.csv,NORMAL,,train,public,csibench;ESP32;U22;E22;Hard
csib_ESP32_Human_U22_Nonfall_E22_ESP32_213000.csv,NORMAL,,train,public,csibench;ESP32;U22;E22;Hard
csib_ESP32_Human_U22_Nonfall_E22_ESP32_214000.csv,NORMAL,,train,public,csibench;ESP32;U22;E22;Hard
csib_ESP32_Human_U22_Nonfall_E22_ESP32_215000.csv,NORMAL,,train,public,csibench;ESP32;U22;E22;Hard
csib_ESP32_Human_U22_Nonfall_E22_ESP32_216000.csv,NORMAL,,train,public,csibench;ESP32;U22;E22;Hard
csib_ESP32_Human_U22_Nonfall_E22_ESP32_217000.csv,NORMAL,,train,public,csibench;ESP32;U22;E22;Hard
csib_HP_Human_U11_Nonfall_E21_HP_1017000.csv,NORMAL,,train,public,csibench;HP;U11;E21;Easy
csib_HP_Human_U06_Fall_E24_HP_688000.csv,FALL,1704960001000;1704960002500;1704960004000,train,public,csibench;HP;U06;E24;Easy;seg_cover(3)
csib_HP_Human_U11_Fall_E24_HP_594000.csv,FALL,1704970001000;1704970002500;1704970004000,train,public,csibench;HP;U11;E24;Easy;seg_cover(3)
csib_HP_Human_U11_Nonfall_E25_HP_11362000.csv,NORMAL,,train,public,csibench;HP;U11;E25;Medium
csib_HP_Human_U11_Nonfall_E25_HP_11366000.csv,NORMAL,,train,public,csibench;HP;U11;E25;Medium
csib_HP_Human_U11_Fall_E21_HP_1981000.csv,FALL,1705000001000;1705000002500;1705000004000,train,public,csibench;HP;U11;E21;Easy;seg_cover(3)
csib_HP_Human_U11_Nonfall_E24_HP_125000.csv,NORMAL,,train,public,csibench;HP;U11;E24;Easy
csib_HP_Human_U11_Nonfall_E25_HP_11391000.csv,NORMAL,,train,public,csibench;HP;U11;E25;Medium
csib_HP_Human_U09_Fall_E23_HP_2387000.csv,FALL,1705030001000;1705030002500;1705030004000,train,public,csibench;HP;U09;E23;Easy;seg_cover(3)
csib_HP_Human_U14_Fall_E23_HP_3108000.csv,FALL,1705040001000;1705040002500;1705040004000,train,public,csibench;HP;U14;E23;Easy;seg_cover(3)
csib_HP_Human_U16_Nonfall_E23_HP_7867000.csv,NORMAL,,train,public,csibench;HP;U16;E23;Easy
csib_HP_Human_U11_Fall_E24_HP_1110000.csv,FALL,1705060001000;1705060002500;1705060004000,train,public,csibench;HP;U11;E24;Easy;seg_cover(3)
csib_HP_Human_U11_Fall_E25_HP_71000.csv,FALL,1705070001000;1705070002500;1705070004000,train,public,csibench;HP;U11;E25;Medium;seg_cover(3)
csib_HP_Human_U11_Fall_E24_HP_583000.csv,FALL,1705080001000;1705080002500;1705080004000,train,public,csibench;HP;U11;E24;Easy;seg_cover(3)
csib_HP_Human_U10_Fall_E23_HP_2551000.csv,FALL,1705090001000;1705090002500;1705090004000,train,public,csibench;HP;U10;E23;Easy;seg_cover(3)
csib_HP_Human_U11_Nonfall_E24_HP_169000.csv,NORMAL,,train,public,csibench;HP;U11;E24;Easy
csib_HP_Human_U11_Nonfall_E25_HP_11392000.csv,NORMAL,,train,public,csibench;HP;U11;E25;Medium
csib_HP_Human_U21_Nonfall_E24_HP_502000.csv,NORMAL,,train,public,csibench;HP;U21;E24;Easy
csib_HP_Human_U10_Fall_E23_HP_2555000.csv,FALL,1705130001000;1705130002500;1705130004000,train,public,csibench;HP;U10;E23;Easy;seg_cover(3)
csib_HP_Human_U11_Fall_E21_HP_1541000.csv,FALL,1705140001000;1705140002500;1705140004000,train,public,csibench;HP;U11;E21;Easy;seg_cover(3)
csib_HP_Human_U14_Nonfall_E23_HP_6449000.csv,NORMAL,,train,public,csibench;HP;U14;E23;Easy
csib_HP_Human_U06_Nonfall_E24_HP_333000.csv,NORMAL,,train,public,csibench;HP;U06;E24;Easy
csib_HP_Human_U21_Nonfall_E23_HP_10562000.csv,NORMAL,,train,public,csibench;HP;U21;E23;Easy
csib_HP_Human_U11_Nonfall_E21_HP_1264000.csv,NORMAL,,train,public,csibench;HP;U11;E21;Easy
csib_HP_Human_U11_Fall_E21_HP_1764000.csv,FALL,1705190001000;1705190002500;1705190004000,train,public,csibench;HP;U11;E21;Easy;seg_cover(3)
csib_HP_Human_U11_Nonfall_E25_HP_11370000.csv,NORMAL,,train,public,csibench;HP;U11;E25;Medium
csib_HP_Human_U11_Fall_E21_HP_2002000.csv,FALL,1705210001000;1705210002500;1705210004000,train,public,csibench;HP;U11;E21;Easy;seg_cover(3)
csib_HP_Human_U21_Nonfall_E24_HP_541000.csv,NORMAL,,train,public,csibench;HP;U21;E24;Easy
csib_HP_Human_U11_Nonfall_E21_HP_1239000.csv,NORMAL,,train,public,csibench;HP;U11;E21;Easy
csib_HP_Human_U17_Nonfall_E23_HP_8901000.csv,NORMAL,,train,public,csibench;HP;U17;E23;Easy
csib_HP_Human_U11_Fall_E25_HP_123000.csv,FALL,1705250001000;1705250002500;1705250004000,train,public,csibench;HP;U11;E25;Medium;seg_cover(3)
csib_HP_Human_U11_Nonfall_E21_HP_1026000.csv,NORMAL,,train,public,csibench;HP;U11;E21;Easy
csib_HP_Human_U11_Nonfall_E21_HP_1065000.csv,NORMAL,,train,public,csibench;HP;U11;E21;Easy
csib_HP_Human_U17_Nonfall_E23_HP_9111000.csv,NORMAL,,train,public,csibench;HP;U17;E23;Easy
csib_HP_Human_U11_Nonfall_E24_HP_151000.csv,NORMAL,,train,public,csibench;HP;U11;E24;Easy
csib_HP_Human_U11_Nonfall_E25_HP_11389000.csv,NORMAL,,train,public,csibench;HP;U11;E25;Medium
csib_HP_Human_U11_Fall_E24_HP_576000.csv,FALL,1705310001000;1705310002500;1705310004000,train,public,csibench;HP;U11;E24;Easy;seg_cover(3)
csib_HP_Human_U11_Nonfall_E25_HP_11377000.csv,NORMAL,,train,public,csibench;HP;U11;E25;Medium
csib_HP_Human_U11_Nonfall_E24_HP_160000.csv,NORMAL,,train,public,csibench;HP;U11;E24;Easy
csib_HP_Human_U16_Nonfall_E23_HP_7696000.csv,NORMAL,,train,public,csibench;HP;U16;E23;Easy
csib_HP_Human_U22_Nonfall_E24_HP_782000.csv,NORMAL,,train,public,csibench;HP;U22;E24;Easy
csib_HP_Human_U11_Fall_E21_HP_1969000.csv,FALL,1705360001000;1705360002500;1705360004000,train,public,csibench;HP;U11;E21;Easy;seg_cover(3)
csib_HP_Human_U11_Fall_E25_HP_135000.csv,FALL,1705370001000;1705370002500;1705370004000,train,public,csibench;HP;U11;E25;Medium;seg_cover(3)
csib_HP_Human_U13_Nonfall_E23_HP_5196000.csv,NORMAL,,train,public,csibench;HP;U13;E23;Easy
csib_HP_Human_U11_Nonfall_E21_HP_897000.csv,NORMAL,,train,public,csibench;HP;U11;E21;Easy
csib_HP_Human_U11_Fall_E21_HP_1774000.csv,FALL,1705400001000;1705400002500;1705400004000,train,public,csibench;HP;U11;E21;Easy;seg_cover(3)
csib_HP_Human_U16_Nonfall_E23_HP_7545000.csv,NORMAL,,train,public,csibench;HP;U16;E23;Easy
csib_HP_Human_U06_Nonfall_E24_HP_314000.csv,NORMAL,,train,public,csibench;HP;U06;E24;Easy
csib_HP_Human_U11_Fall_E25_HP_236000.csv,FALL,1705430001000;1705430002500;1705430004000,train,public,csibench;HP;U11;E25;Medium;seg_cover(3)
csib_HP_Human_U11_Nonfall_E21_HP_913000.csv,NORMAL,,train,public,csibench;HP;U11;E21;Easy
csib_HP_Human_U21_Nonfall_E24_HP_536000.csv,NORMAL,,train,public,csibench;HP;U21;E24;Easy
csib_HP_Human_U17_Fall_E23_HP_3491000.csv,FALL,1705460001000;1705460002500;1705460004000,train,public,csibench;HP;U17;E23;Easy;seg_cover(3)
csib_HP_Human_U06_Nonfall_E24_HP_348000.csv,NORMAL,,train,public,csibench;HP;U06;E24;Easy
csib_HP_Human_U21_Fall_E23_HP_3703000.csv,FALL,1705480001000;1705480002500;1705480004000,train,public,csibench;HP;U21;E23;Easy;seg_cover(3)
csib_HP_Human_U17_Fall_E23_HP_3524000.csv,FALL,1705490001000;1705490002500;1705490004000,train,public,csibench;HP;U17;E23;Easy;seg_cover(3)
csib_HP_Human_U07_Fall_E21_HP_2218000.csv,FALL,1705500001000;1705500002500;1705500004000,train,public,csibench;HP;U07;E21;Easy;seg_cover(3)
csib_HP_Human_U21_Nonfall_E24_HP_544000.csv,NORMAL,,train,public,csibench;HP;U21;E24;Easy
csib_HP_Human_U11_Fall_E23_HP_2749000.csv,FALL,1705520001000;1705520002500;1705520004000,train,public,csibench;HP;U11;E23;Easy;seg_cover(3)
csib_HP_Human_U21_Nonfall_E23_HP_10606000.csv,NORMAL,,train,public,csibench;HP;U21;E23;Easy
csib_HP_Human_U21_Nonfall_E24_HP_523000.csv,NORMAL,,train,public,csibench;HP;U21;E24;Easy
csib_HP_Human_U11_Nonfall_E21_HP_891000.csv,NORMAL,,train,public,csibench;HP;U11;E21;Easy
csib_HP_Human_U11_Fall_E24_HP_553000.csv,FALL,1705560001000;1705560002500;1705560004000,train,public,csibench;HP;U11;E24;Easy;seg_cover(3)
csib_HP_Human_U11_Fall_E25_HP_131000.csv,FALL,1705570001000;1705570002500;1705570004000,train,public,csibench;HP;U11;E25;Medium;seg_cover(3)
csib_HP_Human_U11_Fall_E25_HP_130000.csv,FALL,1705580001000;1705580002500;1705580004000,train,public,csibench;HP;U11;E25;Medium;seg_cover(3)
csib_HP_Human_U21_Fall_E24_HP_311000.csv,FALL,1705590001000;1705590002500;1705590004000,train,public,csibench;HP;U21;E24;Easy;seg_cover(3)
csib_HP_Human_U10_Nonfall_E23_HP_2689000.csv,NORMAL,,train,public,csibench;HP;U10;E23;Easy
csib_HP_Human_U11_Fall_E21_HP_1974000.csv,FALL,1705610001000;1705610002500;1705610004000,train,public,csibench;HP;U11;E21;Easy;seg_cover(3)
csib_HP_Human_U11_Nonfall_E25_HP_11387000.csv,NORMAL,,train,public,csibench;HP;U11;E25;Medium
csib_HP_Human_U22_Fall_E24_HP_465000.csv,FALL,1705630001000;1705630002500;1705630004000,train,public,csibench;HP;U22;E24;Easy;seg_cover(3)
csib_HP_Human_U11_Nonfall_E21_HP_886000.csv,NORMAL,,train,public,csibench;HP;U11;E21;Easy
csib_HP_Human_U14_Fall_E23_HP_3110000.csv,FALL,1705650001000;1705650002500;1705650004000,train,public,csibench;HP;U14;E23;Easy;seg_cover(3)
csib_HP_Human_U11_Nonfall_E21_HP_1259000.csv,NORMAL,,train,public,csibench;HP;U11;E21;Easy
csib_HP_Human_U06_Nonfall_E24_HP_334000.csv,NORMAL,,train,public,csibench;HP;U06;E24;Easy
csib_HP_Human_U11_Nonfall_E25_HP_11396000.csv,NORMAL,,train,public,csibench;HP;U11;E25;Medium
csib_HP_Human_U13_Fall_E23_HP_2943000.csv,FALL,1705690001000;1705690002500;1705690004000,train,public,csibench;HP;U13;E23;Easy;seg_cover(3)
csib_HP_Human_U11_Nonfall_E24_HP_108000.csv,NORMAL,,train,public,csibench;HP;U11;E24;Easy
csib_HP_Human_U22_Fall_E24_HP_1265000.csv,FALL,1705710001000;1705710002500;1705710004000,train,public,csibench;HP;U22;E24;Easy;seg_cover(3)
csib_HP_Human_U11_Nonfall_E21_HP_1229000.csv,NORMAL,,train,public,csibench;HP;U11;E21;Easy
csib_HP_Human_U11_Nonfall_E25_HP_11413000.csv,NORMAL,,train,public,csibench;HP;U11;E25;Medium
csib_HP_Human_U11_Fall_E24_HP_1090000.csv,FALL,1705740001000;1705740002500;1705740004000,train,public,csibench;HP;U11;E24;Easy;seg_cover(3)
csib_HP_Human_U11_Fall_E24_HP_73000.csv,FALL,1705750001000;1705750002500;1705750004000,train,public,csibench;HP;U11;E24;Easy;seg_cover(3)
csib_HP_Human_U13_Nonfall_E23_HP_5179000.csv,NORMAL,,train,public,csibench;HP;U13;E23;Easy
csib_HP_Human_U11_Nonfall_E25_HP_11365000.csv,NORMAL,,train,public,csibench;HP;U11;E25;Medium
csib_HP_Human_U16_Nonfall_E23_HP_7552000.csv,NORMAL,,train,public,csibench;HP;U16;E23;Easy
csib_HP_Human_U22_Nonfall_E24_HP_754000.csv,NORMAL,,train,public,csibench;HP;U22;E24;Easy
csib_HP_Human_U06_Nonfall_E24_HP_340000.csv,NORMAL,,train,public,csibench;HP;U06;E24;Easy
csib_HP_Human_U11_Fall_E25_HP_232000.csv,FALL,1705810001000;1705810002500;1705810004000,train,public,csibench;HP;U11;E25;Medium;seg_cover(3)
csib_HP_Human_U13_Fall_E23_HP_2905000.csv,FALL,1705820001000;1705820002500;1705820004000,train,public,csibench;HP;U13;E23;Easy;seg_cover(3)
csib_HP_Human_U11_Nonfall_E24_HP_164000.csv,NORMAL,,train,public,csibench;HP;U11;E24;Easy
csib_HP_Human_U07_Fall_E21_HP_2211000.csv,FALL,1705840001000;1705840002500;1705840004000,train,public,csibench;HP;U07;E21;Easy;seg_cover(3)
csib_HP_Human_U13_Nonfall_E23_HP_4913000.csv,NORMAL,,train,public,csibench;HP;U13;E23;Easy
csib_HP_Human_U11_Fall_E25_HP_239000.csv,FALL,1705860001000;1705860002500;1705860004000,train,public,csibench;HP;U11;E25;Medium;seg_cover(3)
csib_HP_Human_U11_Fall_E25_HP_229000.csv,FALL,1705870001000;1705870002500;1705870004000,train,public,csibench;HP;U11;E25;Medium;seg_cover(3)
csib_HP_Human_U21_Nonfall_E23_HP_10498000.csv,NORMAL,,train,public,csibench;HP;U21;E23;Easy
csib_HP_Human_U14_Fall_E23_HP_3095000.csv,FALL,1705890001000;1705890002500;1705890004000,train,public,csibench;HP;U14;E23;Easy;seg_cover(3)
csib_HP_Human_U06_Nonfall_E24_HP_310000.csv,NORMAL,,train,public,csibench;HP;U06;E24;Easy
csib_HP_Human_U11_Fall_E21_HP_1753000.csv,FALL,1705910001000;1705910002500;1705910004000,train,public,csibench;HP;U11;E21;Easy;seg_cover(3)
csib_HP_Human_U11_Nonfall_E25_HP_11405000.csv,NORMAL,,train,public,csibench;HP;U11;E25;Medium
csib_HP_Human_U11_Fall_E21_HP_2024000.csv,FALL,1705930001000;1705930002500;1705930004000,train,public,csibench;HP;U11;E21;Easy;seg_cover(3)
csib_HP_Human_U21_Nonfall_E23_HP_10525000.csv,NORMAL,,train,public,csibench;HP;U21;E23;Easy
csib_HP_Human_U11_Nonfall_E21_HP_887000.csv,NORMAL,,train,public,csibench;HP;U11;E21;Easy
csib_HP_Human_U06_Nonfall_E24_HP_339000.csv,NORMAL,,train,public,csibench;HP;U06;E24;Easy
csib_HP_Human_U11_Nonfall_E21_HP_1053000.csv,NORMAL,,train,public,csibench;HP;U11;E21;Easy
csib_HP_Human_U11_Nonfall_E25_HP_11414000.csv,NORMAL,,train,public,csibench;HP;U11;E25;Medium
csib_HP_Human_U11_Fall_E21_HP_1782000.csv,FALL,1705990001000;1705990002500;1705990004000,train,public,csibench;HP;U11;E21;Easy;seg_cover(3)
csib_HP_Human_U11_Fall_E25_HP_226000.csv,FALL,1706000001000;1706000002500;1706000004000,train,public,csibench;HP;U11;E25;Medium;seg_cover(3)
csib_HP_Human_U11_Nonfall_E21_HP_1263000.csv,NORMAL,,train,public,csibench;HP;U11;E21;Easy
csib_HP_Human_U21_Nonfall_E23_HP_10320000.csv,NORMAL,,train,public,csibench;HP;U21;E23;Easy
csib_HP_Human_U11_Fall_E24_HP_1085000.csv,FALL,1706030001000;1706030002500;1706030004000,train,public,csibench;HP;U11;E24;Easy;seg_cover(3)
csib_HP_Human_U09_Fall_E23_HP_2403000.csv,FALL,1706040001000;1706040002500;1706040004000,train,public,csibench;HP;U09;E23;Easy;seg_cover(3)
csib_HP_Human_U11_Fall_E24_HP_598000.csv,FALL,1706050001000;1706050002500;1706050004000,train,public,csibench;HP;U11;E24;Easy;seg_cover(3)
csib_HP_Human_U11_Fall_E21_HP_1591000.csv,FALL,1706060001000;1706060002500;1706060004000,train,public,csibench;HP;U11;E21;Easy;seg_cover(3)
csib_HP_Human_U17_Fall_E23_HP_3492000.csv,FALL,1706070001000;1706070002500;1706070004000,train,public,csibench;HP;U17;E23;Easy;seg_cover(3)
csib_HP_Human_U07_Fall_E21_HP_2178000.csv,FALL,1706080001000;1706080002500;1706080004000,train,public,csibench;HP;U07;E21;Easy;seg_cover(3)
csib_HP_Human_U11_Nonfall_E25_HP_11403000.csv,NORMAL,,train,public,csibench;HP;U11;E25;Medium
csib_HP_Human_U11_Fall_E25_HP_67000.csv,FALL,1706100001000;1706100002500;1706100004000,train,public,csibench;HP;U11;E25;Medium;seg_cover(3)
csib_HP_Human_U11_Fall_E25_HP_50000.csv,FALL,1706110001000;1706110002500;1706110004000,train,public,csibench;HP;U11;E25;Medium;seg_cover(3)
csib_HP_Human_U21_Fall_E24_HP_313000.csv,FALL,1706120001000;1706120002500;1706120004000,train,public,csibench;HP;U21;E24;Easy;seg_cover(3)
csib_HP_Human_U17_Nonfall_E23_HP_9137000.csv,NORMAL,,train,public,csibench;HP;U17;E23;Easy
csib_HP_Human_U21_Nonfall_E23_HP_10608000.csv,NORMAL,,train,public,csibench;HP;U21;E23;Easy
csib_HP_Human_U11_Fall_E25_HP_124000.csv,FALL,1706150001000;1706150002500;1706150004000,train,public,csibench;HP;U11;E25;Medium;seg_cover(3)
csib_HP_Human_U11_Fall_E21_HP_1562000.csv,FALL,1706160001000;1706160002500;1706160004000,train,public,csibench;HP;U11;E21;Easy;seg_cover(3)
csib_HP_Human_U11_Fall_E23_HP_2707000.csv,FALL,1706170001000;1706170002500;1706170004000,train,public,csibench;HP;U11;E23;Easy;seg_cover(3)
csib_HP_Human_U22_Nonfall_E24_HP_779000.csv,NORMAL,,train,public,csibench;HP;U22;E24;Easy
csib_HP_Human_U11_Fall_E25_HP_225000.csv,FALL,1706190001000;1706190002500;1706190004000,train,public,csibench;HP;U11;E25;Medium;seg_cover(3)
csib_HP_Human_U13_Nonfall_E23_HP_4938000.csv,NORMAL,,train,public,csibench;HP;U13;E23;Easy
csib_HP_Human_U11_Fall_E21_HP_1540000.csv,FALL,1706210001000;1706210002500;1706210004000,train,public,csibench;HP;U11;E21;Easy;seg_cover(3)
csib_HP_Human_U11_Fall_E25_HP_70000.csv,FALL,1706220001000;1706220002500;1706220004000,train,public,csibench;HP;U11;E25;Medium;seg_cover(3)
csib_HP_Human_U11_Fall_E25_HP_230000.csv,FALL,1706230001000;1706230002500;1706230004000,train,public,csibench;HP;U11;E25;Medium;seg_cover(3)
csib_HP_Human_U11_Fall_E25_HP_139000.csv,FALL,1706240001000;1706240002500;1706240004000,train,public,csibench;HP;U11;E25;Medium;seg_cover(3)
csib_HP_Human_U11_Nonfall_E25_HP_11410000.csv,NORMAL,,train,public,csibench;HP;U11;E25;Medium
csib_HP_Human_U11_Nonfall_E23_HP_3796000.csv,NORMAL,,train,public,csibench;HP;U11;E23;Easy
csib_HP_Human_U11_Fall_E24_HP_593000.csv,FALL,1706270001000;1706270002500;1706270004000,train,public,csibench;HP;U11;E24;Easy;seg_cover(3)
csib_HP_Human_U11_Fall_E21_HP_1569000.csv,FALL,1706280001000;1706280002500;1706280004000,train,public,csibench;HP;U11;E21;Easy;seg_cover(3)
csib_HP_Human_U22_Fall_E24_HP_1004000.csv,FALL,1706290001000;1706290002500;1706290004000,train,public,csibench;HP;U22;E24;Easy;seg_cover(3)
csib_HP_Human_U11_Nonfall_E25_HP_11412000.csv,NORMAL,,train,public,csibench;HP;U11;E25;Medium
csib_HP_Human_U11_Nonfall_E25_HP_11358000.csv,NORMAL,,train,public,csibench;HP;U11;E25;Medium
csib_HP_Human_U11_Nonfall_E25_HP_11373000.csv,NORMAL,,train,public,csibench;HP;U11;E25;Medium
csib_HP_Human_U11_Nonfall_E25_HP_11379000.csv,NORMAL,,train,public,csibench;HP;U11;E25;Medium
csib_HP_Human_U21_Fall_E23_HP_3712000.csv,FALL,1706340001000;1706340002500;1706340004000,train,public,csibench;HP;U21;E23;Easy;seg_cover(3)
csib_HP_Human_U10_Nonfall_E23_HP_2642000.csv,NORMAL,,train,public,csibench;HP;U10;E23;Easy
csib_HP_Human_U11_Fall_E21_HP_1784000.csv,FALL,1706360001000;1706360002500;1706360004000,train,public,csibench;HP;U11;E21;Easy;seg_cover(3)
csib_HP_Human_U11_Nonfall_E21_HP_1016000.csv,NORMAL,,train,public,csibench;HP;U11;E21;Easy
csib_HP_Human_U11_Fall_E21_HP_1589000.csv,FALL,1706380001000;1706380002500;1706380004000,train,public,csibench;HP;U11;E21;Easy;seg_cover(3)
csib_HP_Human_U11_Nonfall_E25_HP_11369000.csv,NORMAL,,train,public,csibench;HP;U11;E25;Medium
csib_HP_Human_U11_Fall_E21_HP_1776000.csv,FALL,1706400001000;1706400002500;1706400004000,train,public,csibench;HP;U11;E21;Easy;seg_cover(3)
csib_HP_Human_U21_Nonfall_E24_HP_501000.csv,NORMAL,,train,public,csibench;HP;U21;E24;Easy
csib_HP_Human_U11_Nonfall_E24_HP_142000.csv,NORMAL,,train,public,csibench;HP;U11;E24;Easy
csib_HP_Human_U11_Nonfall_E23_HP_3884000.csv,NORMAL,,train,public,csibench;HP;U11;E23;Easy
csib_HP_Human_U11_Fall_E21_HP_1989000.csv,FALL,1706440001000;1706440002500;1706440004000,train,public,csibench;HP;U11;E21;Easy;seg_cover(3)
csib_HP_Human_U14_Fall_E23_HP_3089000.csv,FALL,1706450001000;1706450002500;1706450004000,train,public,csibench;HP;U14;E23;Easy;seg_cover(3)
csib_HP_Human_U11_Fall_E25_HP_54000.csv,FALL,1706460001000;1706460002500;1706460004000,train,public,csibench;HP;U11;E25;Medium;seg_cover(3)
csib_HP_Human_U16_Fall_E23_HP_3301000.csv,FALL,1706470001000;1706470002500;1706470004000,train,public,csibench;HP;U16;E23;Easy;seg_cover(3)
csib_HP_Human_U21_Fall_E23_HP_3706000.csv,FALL,1706480001000;1706480002500;1706480004000,train,public,csibench;HP;U21;E23;Easy;seg_cover(3)
csib_HP_Human_U11_Nonfall_E21_HP_1206000.csv,NORMAL,,train,public,csibench;HP;U11;E21;Easy
csib_HP_Human_U07_Fall_E21_HP_2209000.csv,FALL,1706500001000;1706500002500;1706500004000,train,public,csibench;HP;U07;E21;Easy;seg_cover(3)
csib_HP_Human_U11_Nonfall_E21_HP_883000.csv,NORMAL,,train,public,csibench;HP;U11;E21;Easy
csib_HP_Human_U11_Fall_E21_HP_1760000.csv,FALL,1706520001000;1706520002500;1706520004000,train,public,csibench;HP;U11;E21;Easy;seg_cover(3)
csib_HP_Human_U11_Fall_E25_HP_238000.csv,FALL,1706530001000;1706530002500;1706530004000,train,public,csibench;HP;U11;E25;Medium;seg_cover(3)
csib_HP_Human_U11_Fall_E21_HP_1571000.csv,FALL,1706540001000;1706540002500;1706540004000,train,public,csibench;HP;U11;E21;Easy;seg_cover(3)
csib_HP_Human_U22_Fall_E24_HP_991000.csv,FALL,1706550001000;1706550002500;1706550004000,train,public,csibench;HP;U22;E24;Easy;seg_cover(3)
csib_HP_Human_U14_Nonfall_E23_HP_6395000.csv,NORMAL,,train,public,csibench;HP;U14;E23;Easy
csib_HP_Human_U11_Nonfall_E21_HP_1216000.csv,NORMAL,,train,public,csibench;HP;U11;E21;Easy
csib_HP_Human_U11_Fall_E25_HP_133000.csv,FALL,1706580001000;1706580002500;1706580004000,train,public,csibench;HP;U11;E25;Medium;seg_cover(3)
csib_HP_Human_U21_Nonfall_E23_HP_10342000.csv,NORMAL,,train,public,csibench;HP;U21;E23;Easy
csib_HP_Human_U11_Nonfall_E21_HP_906000.csv,NORMAL,,train,public,csibench;HP;U11;E21;Easy
csib_HP_Human_U11_Fall_E25_HP_56000.csv,FALL,1706610001000;1706610002500;1706610004000,train,public,csibench;HP;U11;E25;Medium;seg_cover(3)
csib_HP_Human_U21_Fall_E24_HP_796000.csv,FALL,1706620001000;1706620002500;1706620004000,train,public,csibench;HP;U21;E24;Easy;seg_cover(3)
csib_HP_Human_U13_Nonfall_E23_HP_5191000.csv,NORMAL,,train,public,csibench;HP;U13;E23;Easy
csib_HP_Human_U11_Nonfall_E25_HP_11390000.csv,NORMAL,,train,public,csibench;HP;U11;E25;Medium
csib_HP_Human_U11_Nonfall_E25_HP_11416000.csv,NORMAL,,train,public,csibench;HP;U11;E25;Medium
csib_HP_Human_U16_Fall_E23_HP_3308000.csv,FALL,1706660001000;1706660002500;1706660004000,train,public,csibench;HP;U16;E23;Easy;seg_cover(3)
csib_HP_Human_U11_Nonfall_E25_HP_11411000.csv,NORMAL,,train,public,csibench;HP;U11;E25;Medium
csib_HP_Human_U11_Nonfall_E24_HP_158000.csv,NORMAL,,train,public,csibench;HP;U11;E24;Easy
csib_HP_Human_U13_Nonfall_E23_HP_5160000.csv,NORMAL,,train,public,csibench;HP;U13;E23;Easy
csib_HP_Human_U14_Nonfall_E23_HP_6491000.csv,NORMAL,,train,public,csibench;HP;U14;E23;Easy
csib_HP_Human_U21_Nonfall_E24_HP_576000.csv,NORMAL,,train,public,csibench;HP;U21;E24;Easy
csib_HP_Human_U07_Fall_E21_HP_2171000.csv,FALL,1706720001000;1706720002500;1706720004000,train,public,csibench;HP;U07;E21;Easy;seg_cover(3)
csib_HP_Human_U11_Fall_E24_HP_92000.csv,FALL,1706730001000;1706730002500;1706730004000,train,public,csibench;HP;U11;E24;Easy;seg_cover(3)
csib_HP_Human_U11_Nonfall_E25_HP_11383000.csv,NORMAL,,train,public,csibench;HP;U11;E25;Medium
csib_HP_Human_U22_Nonfall_E24_HP_738000.csv,NORMAL,,train,public,csibench;HP;U22;E24;Easy
csib_HP_Human_U13_Fall_E23_HP_2941000.csv,FALL,1706760001000;1706760002500;1706760004000,train,public,csibench;HP;U13;E23;Easy;seg_cover(3)
csib_HP_Human_U11_Nonfall_E21_HP_1256000.csv,NORMAL,,train,public,csibench;HP;U11;E21;Easy
csib_HP_Human_U11_Nonfall_E25_HP_11386000.csv,NORMAL,,train,public,csibench;HP;U11;E25;Medium
csib_HP_Human_U11_Nonfall_E21_HP_1058000.csv,NORMAL,,train,public,csibench;HP;U11;E21;Easy
csib_HP_Human_U22_Nonfall_E24_HP_741000.csv,NORMAL,,train,public,csibench;HP;U22;E24;Easy
csib_HP_Human_U11_Fall_E25_HP_132000.csv,FALL,1706810001000;1706810002500;1706810004000,train,public,csibench;HP;U11;E25;Medium;seg_cover(3)
csib_HP_Human_U11_Nonfall_E25_HP_11399000.csv,NORMAL,,train,public,csibench;HP;U11;E25;Medium
csib_HP_Human_U21_Nonfall_E24_HP_522000.csv,NORMAL,,train,public,csibench;HP;U21;E24;Easy
csib_HP_Human_U11_Nonfall_E21_HP_1211000.csv,NORMAL,,train,public,csibench;HP;U11;E21;Easy
csib_HP_Human_U22_Nonfall_E24_HP_771000.csv,NORMAL,,train,public,csibench;HP;U22;E24;Easy
csib_HP_Human_U11_Nonfall_E25_HP_11398000.csv,NORMAL,,train,public,csibench;HP;U11;E25;Medium
csib_HP_Human_U11_Nonfall_E21_HP_1209000.csv,NORMAL,,train,public,csibench;HP;U11;E21;Easy
csib_HP_Human_U11_Fall_E24_HP_587000.csv,FALL,1706880001000;1706880002500;1706880004000,train,public,csibench;HP;U11;E24;Easy;seg_cover(3)
csib_HP_Human_U11_Nonfall_E25_HP_11404000.csv,NORMAL,,train,public,csibench;HP;U11;E25;Medium
csib_HP_Human_U11_Fall_E24_HP_577000.csv,FALL,1706900001000;1706900002500;1706900004000,train,public,csibench;HP;U11;E24;Easy;seg_cover(3)
csib_HP_Human_U11_Fall_E25_HP_235000.csv,FALL,1706910001000;1706910002500;1706910004000,train,public,csibench;HP;U11;E25;Medium;seg_cover(3)
csib_HP_Human_U11_Nonfall_E21_HP_1042000.csv,NORMAL,,train,public,csibench;HP;U11;E21;Easy
csib_HP_Human_U11_Fall_E21_HP_1803000.csv,FALL,1706930001000;1706930002500;1706930004000,train,public,csibench;HP;U11;E21;Easy;seg_cover(3)
csib_HP_Human_U09_Nonfall_E23_HP_1835000.csv,NORMAL,,train,public,csibench;HP;U09;E23;Easy
csib_HP_Human_U10_Fall_E23_HP_2564000.csv,FALL,1706950001000;1706950002500;1706950004000,train,public,csibench;HP;U10;E23;Easy;seg_cover(3)
csib_HP_Human_U13_Fall_E23_HP_2900000.csv,FALL,1706960001000;1706960002500;1706960004000,train,public,csibench;HP;U13;E23;Easy;seg_cover(3)
csib_HP_Human_U10_Fall_E23_HP_2557000.csv,FALL,1706970001000;1706970002500;1706970004000,train,public,csibench;HP;U10;E23;Easy;seg_cover(3)
csib_HP_Human_U11_Nonfall_E25_HP_11367000.csv,NORMAL,,train,public,csibench;HP;U11;E25;Medium
csib_HP_Human_U21_Fall_E23_HP_3728000.csv,FALL,1706990001000;1706990002500;1706990004000,train,public,csibench;HP;U21;E23;Easy;seg_cover(3)
csib_HP_Human_U11_Fall_E24_HP_1104000.csv,FALL,1707000001000;1707000002500;1707000004000,train,public,csibench;HP;U11;E24;Easy;seg_cover(3)
csib_HP_Human_U14_Nonfall_E23_HP_6618000.csv,NORMAL,,train,public,csibench;HP;U14;E23;Easy
csib_HP_Human_U11_Fall_E25_HP_220000.csv,FALL,1707020001000;1707020002500;1707020004000,train,public,csibench;HP;U11;E25;Medium;seg_cover(3)
csib_HP_Human_U11_Nonfall_E21_HP_1223000.csv,NORMAL,,train,public,csibench;HP;U11;E21;Easy
csib_HP_Human_U11_Fall_E24_HP_1086000.csv,FALL,1707040001000;1707040002500;1707040004000,train,public,csibench;HP;U11;E24;Easy;seg_cover(3)
csib_HP_Human_U11_Fall_E24_HP_66000.csv,FALL,1707050001000;1707050002500;1707050004000,train,public,csibench;HP;U11;E24;Easy;seg_cover(3)
csib_HP_Human_U14_Fall_E23_HP_3086000.csv,FALL,1707060001000;1707060002500;1707060004000,train,public,csibench;HP;U14;E23;Easy;seg_cover(3)
csib_HP_Human_U11_Nonfall_E21_HP_908000.csv,NORMAL,,train,public,csibench;HP;U11;E21;Easy
csib_HP_Human_U11_Fall_E25_HP_136000.csv,FALL,1707080001000;1707080002500;1707080004000,train,public,csibench;HP;U11;E25;Medium;seg_cover(3)
csib_HP_Human_U07_Fall_E21_HP_2181000.csv,FALL,1707090001000;1707090002500;1707090004000,train,public,csibench;HP;U07;E21;Easy;seg_cover(3)
csib_HP_Human_U11_Fall_E25_HP_224000.csv,FALL,1707100001000;1707100002500;1707100004000,train,public,csibench;HP;U11;E25;Medium;seg_cover(3)
csib_HP_Human_U11_Fall_E21_HP_2011000.csv,FALL,1707110001000;1707110002500;1707110004000,train,public,csibench;HP;U11;E21;Easy;seg_cover(3)
csib_HP_Human_U09_Fall_E23_HP_2390000.csv,FALL,1707120001000;1707120002500;1707120004000,train,public,csibench;HP;U09;E23;Easy;seg_cover(3)
csib_HP_Human_U14_Nonfall_E23_HP_6363000.csv,NORMAL,,train,public,csibench;HP;U14;E23;Easy
csib_HP_Human_U21_Fall_E24_HP_854000.csv,FALL,1707140001000;1707140002500;1707140004000,train,public,csibench;HP;U21;E24;Easy;seg_cover(3)
csib_HP_Human_U11_Fall_E21_HP_1738000.csv,FALL,1707150001000;1707150002500;1707150004000,train,public,csibench;HP;U11;E21;Easy;seg_cover(3)
csib_HP_Human_U11_Nonfall_E21_HP_1010000.csv,NORMAL,,train,public,csibench;HP;U11;E21;Easy
csib_HP_Human_U21_Nonfall_E23_HP_10535000.csv,NORMAL,,train,public,csibench;HP;U21;E23;Easy
csib_HP_Human_U11_Nonfall_E21_HP_1236000.csv,NORMAL,,train,public,csibench;HP;U11;E21;Easy
csib_HP_Human_U11_Fall_E25_HP_51000.csv,FALL,1707190001000;1707190002500;1707190004000,train,public,csibench;HP;U11;E25;Medium;seg_cover(3)
csib_HP_Human_U11_Fall_E24_HP_1088000.csv,FALL,1707200001000;1707200002500;1707200004000,train,public,csibench;HP;U11;E24;Easy;seg_cover(3)
csib_HP_Human_U13_Fall_E23_HP_2924000.csv,FALL,1707210001000;1707210002500;1707210004000,train,public,csibench;HP;U13;E23;Easy;seg_cover(3)
csib_HP_Human_U13_Nonfall_E23_HP_4909000.csv,NORMAL,,train,public,csibench;HP;U13;E23;Easy
csib_HP_Human_U11_Nonfall_E21_HP_1054000.csv,NORMAL,,train,public,csibench;HP;U11;E21;Easy
csib_HP_Human_U10_Fall_E23_HP_2550000.csv,FALL,1707240001000;1707240002500;1707240004000,train,public,csibench;HP;U10;E23;Easy;seg_cover(3)
csib_HP_Human_U11_Fall_E25_HP_69000.csv,FALL,1707250001000;1707250002500;1707250004000,train,public,csibench;HP;U11;E25;Medium;seg_cover(3)
csib_HP_Human_U11_Nonfall_E21_HP_1029000.csv,NORMAL,,train,public,csibench;HP;U11;E21;Easy
csib_HP_Human_U11_Fall_E24_HP_1101000.csv,FALL,1707270001000;1707270002500;1707270004000,train,public,csibench;HP;U11;E24;Easy;seg_cover(3)
csib_HP_Human_U11_Nonfall_E21_HP_1048000.csv,NORMAL,,train,public,csibench;HP;U11;E21;Easy
csib_HP_Human_U22_Nonfall_E24_HP_766000.csv,NORMAL,,train,public,csibench;HP;U22;E24;Easy
csib_HP_Human_U11_Nonfall_E25_HP_11401000.csv,NORMAL,,train,public,csibench;HP;U11;E25;Medium
csib_HP_Human_U21_Fall_E24_HP_305000.csv,FALL,1707310001000;1707310002500;1707310004000,train,public,csibench;HP;U21;E24;Easy;seg_cover(3)
csib_HP_Human_U17_Fall_E23_HP_3460000.csv,FALL,1707320001000;1707320002500;1707320004000,train,public,csibench;HP;U17;E23;Easy;seg_cover(3)
csib_HP_Human_U21_Nonfall_E23_HP_10391000.csv,NORMAL,,train,public,csibench;HP;U21;E23;Easy
csib_HP_Human_U21_Nonfall_E24_HP_555000.csv,NORMAL,,train,public,csibench;HP;U21;E24;Easy
csib_HP_Human_U10_Fall_E23_HP_2542000.csv,FALL,1707350001000;1707350002500;1707350004000,train,public,csibench;HP;U10;E23;Easy;seg_cover(3)
csib_HP_Human_U17_Fall_E23_HP_3498000.csv,FALL,1707360001000;1707360002500;1707360004000,train,public,csibench;HP;U17;E23;Easy;seg_cover(3)
csib_HP_Human_U21_Fall_E24_HP_320000.csv,FALL,1707370001000;1707370002500;1707370004000,train,public,csibench;HP;U21;E24;Easy;seg_cover(3)
csib_HP_Human_U22_Fall_E24_HP_466000.csv,FALL,1707380001000;1707380002500;1707380004000,train,public,csibench;HP;U22;E24;Easy;seg_cover(3)
csib_HP_Human_U11_Fall_E25_HP_66000.csv,FALL,1707390001000;1707390002500;1707390004000,train,public,csibench;HP;U11;E25;Medium;seg_cover(3)
csib_HP_Human_U11_Fall_E25_HP_58000.csv,FALL,1707400001000;1707400002500;1707400004000,train,public,csibench;HP;U11;E25;Medium;seg_cover(3)
csib_HP_Human_U21_Nonfall_E24_HP_507000.csv,NORMAL,,train,public,csibench;HP;U21;E24;Easy
csib_HP_Human_U21_Nonfall_E23_HP_10501000.csv,NORMAL,,train,public,csibench;HP;U21;E23;Easy
csib_HP_Human_U09_Fall_E23_HP_2398000.csv,FALL,1707430001000;1707430002500;1707430004000,train,public,csibench;HP;U09;E23;Easy;seg_cover(3)
csib_HP_Human_U11_Fall_E21_HP_1595000.csv,FALL,1707440001000;1707440002500;1707440004000,train,public,csibench;HP;U11;E21;Easy;seg_cover(3)
csib_HP_Human_U11_Nonfall_E25_HP_11397000.csv,NORMAL,,train,public,csibench;HP;U11;E25;Medium
csib_HP_Human_U16_Fall_E23_HP_3281000.csv,FALL,1707460001000;1707460002500;1707460004000,train,public,csibench;HP;U16;E23;Easy;seg_cover(3)
csib_HP_Human_U11_Fall_E21_HP_1538000.csv,FALL,1707470001000;1707470002500;1707470004000,train,public,csibench;HP;U11;E21;Easy;seg_cover(3)
csib_HP_Human_U07_Fall_E21_HP_2188000.csv,FALL,1707480001000;1707480002500;1707480004000,train,public,csibench;HP;U07;E21;Easy;seg_cover(3)
csib_HP_Human_U11_Nonfall_E21_HP_1032000.csv,NORMAL,,train,public,csibench;HP;U11;E21;Easy
csib_HP_Human_U11_Nonfall_E21_HP_1261000.csv,NORMAL,,train,public,csibench;HP;U11;E21;Easy
csib_HP_Human_U11_Fall_E21_HP_1748000.csv,FALL,1707510001000;1707510002500;1707510004000,train,public,csibench;HP;U11;E21;Easy;seg_cover(3)
csib_HP_Human_U21_Nonfall_E23_HP_10602000.csv,NORMAL,,train,public,csibench;HP;U21;E23;Easy
csib_HP_Human_U11_Fall_E24_HP_582000.csv,FALL,1707530001000;1707530002500;1707530004000,train,public,csibench;HP;U11;E24;Easy;seg_cover(3)
csib_HP_Human_U13_Nonfall_E23_HP_5281000.csv,NORMAL,,train,public,csibench;HP;U13;E23;Easy
csib_HP_Human_U11_Nonfall_E21_HP_1220000.csv,NORMAL,,train,public,csibench;HP;U11;E21;Easy
csib_HP_Human_U11_Fall_E21_HP_1992000.csv,FALL,1707560001000;1707560002500;1707560004000,train,public,csibench;HP;U11;E21;Easy;seg_cover(3)
csib_HP_Human_U22_Fall_E24_HP_1258000.csv,FALL,1707570001000;1707570002500;1707570004000,train,public,csibench;HP;U22;E24;Easy;seg_cover(3)
csib_HP_Human_U11_Fall_E21_HP_1953000.csv,FALL,1707580001000;1707580002500;1707580004000,train,public,csibench;HP;U11;E21;Easy;seg_cover(3)
csib_HP_Human_U22_Nonfall_E24_HP_761000.csv,NORMAL,,train,public,csibench;HP;U22;E24;Easy
csib_HP_Human_U11_Fall_E25_HP_65000.csv,FALL,1707600001000;1707600002500;1707600004000,train,public,csibench;HP;U11;E25;Medium;seg_cover(3)
csib_HP_Human_U11_Nonfall_E25_HP_11388000.csv,NORMAL,,train,public,csibench;HP;U11;E25;Medium
csib_HP_Human_U17_Nonfall_E23_HP_9270000.csv,NORMAL,,train,public,csibench;HP;U17;E23;Easy
csib_HP_Human_U11_Fall_E21_HP_2021000.csv,FALL,1707630001000;1707630002500;1707630004000,train,public,csibench;HP;U11;E21;Easy;seg_cover(3)
csib_HP_Human_U11_Fall_E25_HP_233000.csv,FALL,1707640001000;1707640002500;1707640004000,train,public,csibench;HP;U11;E25;Medium;seg_cover(3)
csib_HP_Human_U11_Fall_E25_HP_231000.csv,FALL,1707650001000;1707650002500;1707650004000,train,public,csibench;HP;U11;E25;Medium;seg_cover(3)
csib_HP_Human_U11_Fall_E23_HP_2743000.csv,FALL,1707660001000;1707660002500;1707660004000,train,public,csibench;HP;U11;E23;Easy;seg_cover(3)
csib_HP_Human_U11_Fall_E25_HP_221000.csv,FALL,1707670001000;1707670002500;1707670004000,train,public,csibench;HP;U11;E25;Medium;seg_cover(3)
csib_HP_Human_U06_Nonfall_E24_HP_320000.csv,NORMAL,,train,public,csibench;HP;U06;E24;Easy
csib_HP_Human_U13_Fall_E23_HP_2952000.csv,FALL,1707690001000;1707690002500;1707690004000,train,public,csibench;HP;U13;E23;Easy;seg_cover(3)
csib_HP_Human_U16_Nonfall_E23_HP_7640000.csv,NORMAL,,train,public,csibench;HP;U16;E23;Easy
csib_HP_Human_U11_Nonfall_E21_HP_1245000.csv,NORMAL,,train,public,csibench;HP;U11;E21;Easy
csib_HP_Human_U06_Nonfall_E24_HP_352000.csv,NORMAL,,train,public,csibench;HP;U06;E24;Easy
csib_HP_Human_U11_Nonfall_E24_HP_174000.csv,NORMAL,,train,public,csibench;HP;U11;E24;Easy
csib_HP_Human_U11_Nonfall_E24_HP_149000.csv,NORMAL,,train,public,csibench;HP;U11;E24;Easy
csib_HP_Human_U11_Nonfall_E23_HP_3838000.csv,NORMAL,,train,public,csibench;HP;U11;E23;Easy
csib_HP_Human_U11_Fall_E25_HP_237000.csv,FALL,1707760001000;1707760002500;1707760004000,train,public,csibench;HP;U11;E25;Medium;seg_cover(3)
csib_HP_Human_U13_Nonfall_E23_HP_5200000.csv,NORMAL,,train,public,csibench;HP;U13;E23;Easy
csib_HP_Human_U10_Nonfall_E23_HP_2753000.csv,NORMAL,,train,public,csibench;HP;U10;E23;Easy
csib_HP_Human_U21_Nonfall_E23_HP_10351000.csv,NORMAL,,train,public,csibench;HP;U21;E23;Easy
csib_HP_Human_U13_Nonfall_E23_HP_4940000.csv,NORMAL,,train,public,csibench;HP;U13;E23;Easy
csib_HP_Human_U21_Fall_E24_HP_283000.csv,FALL,1707810001000;1707810002500;1707810004000,train,public,csibench;HP;U21;E24;Easy;seg_cover(3)
csib_HP_Human_U11_Nonfall_E21_HP_1227000.csv,NORMAL,,train,public,csibench;HP;U11;E21;Easy
csib_HP_Human_U07_Fall_E21_HP_2175000.csv,FALL,1707830001000;1707830002500;1707830004000,train,public,csibench;HP;U07;E21;Easy;seg_cover(3)
csib_HP_Human_U16_Nonfall_E23_HP_7880000.csv,NORMAL,,train,public,csibench;HP;U16;E23;Easy
csib_HP_Human_U10_Nonfall_E23_HP_2606000.csv,NORMAL,,train,public,csibench;HP;U10;E23;Easy
csib_HP_Human_U10_Fall_E23_HP_2569000.csv,FALL,1707860001000;1707860002500;1707860004000,train,public,csibench;HP;U10;E23;Easy;seg_cover(3)
csib_HP_Human_U11_Nonfall_E21_HP_1219000.csv,NORMAL,,train,public,csibench;HP;U11;E21;Easy
csib_HP_Human_U13_Fall_E23_HP_2953000.csv,FALL,1707880001000;1707880002500;1707880004000,train,public,csibench;HP;U13;E23;Easy;seg_cover(3)
csib_HP_Human_U11_Fall_E25_HP_55000.csv,FALL,1707890001000;1707890002500;1707890004000,train,public,csibench;HP;U11;E25;Medium;seg_cover(3)
csib_HP_Human_U11_Fall_E25_HP_127000.csv,FALL,1707900001000;1707900002500;1707900004000,train,public,csibench;HP;U11;E25;Medium;seg_cover(3)
csib_HP_Human_U11_Fall_E21_HP_1978000.csv,FALL,1707910001000;1707910002500;1707910004000,train,public,csibench;HP;U11;E21;Easy;seg_cover(3)
csib_HP_Human_U22_Fall_E24_HP_1267000.csv,FALL,1707920001000;1707920002500;1707920004000,train,public,csibench;HP;U22;E24;Easy;seg_cover(3)
csib_HP_Human_U11_Nonfall_E24_HP_129000.csv,NORMAL,,train,public,csibench;HP;U11;E24;Easy
csib_HP_Human_U11_Nonfall_E21_HP_1015000.csv,NORMAL,,train,public,csibench;HP;U11;E21;Easy
csib_HP_Human_U22_Nonfall_E24_HP_749000.csv,NORMAL,,train,public,csibench;HP;U22;E24;Easy
csib_HP_Human_U21_Nonfall_E24_HP_531000.csv,NORMAL,,train,public,csibench;HP;U21;E24;Easy
csib_HP_Human_U11_Fall_E21_HP_1793000.csv,FALL,1707970001000;1707970002500;1707970004000,train,public,csibench;HP;U11;E21;Easy;seg_cover(3)
csib_HP_Human_U21_Fall_E24_HP_817000.csv,FALL,1707980001000;1707980002500;1707980004000,train,public,csibench;HP;U21;E24;Easy;seg_cover(3)
csib_HP_Human_U11_Fall_E25_HP_61000.csv,FALL,1707990001000;1707990002500;1707990004000,train,public,csibench;HP;U11;E25;Medium;seg_cover(3)
csib_HP_Human_U21_Fall_E24_HP_848000.csv,FALL,1708000001000;1708000002500;1708000004000,train,public,csibench;HP;U21;E24;Easy;seg_cover(3)
csib_HP_Human_U21_Nonfall_E23_HP_10270000.csv,NORMAL,,train,public,csibench;HP;U21;E23;Easy
csib_HP_Human_U21_Fall_E23_HP_3701000.csv,FALL,1708020001000;1708020002500;1708020004000,train,public,csibench;HP;U21;E23;Easy;seg_cover(3)
csib_HP_Human_U11_Nonfall_E21_HP_1237000.csv,NORMAL,,train,public,csibench;HP;U11;E21;Easy
csib_HP_Human_U21_Fall_E24_HP_277000.csv,FALL,1708040001000;1708040002500;1708040004000,train,public,csibench;HP;U21;E24;Easy;seg_cover(3)
csib_HP_Human_U11_Nonfall_E25_HP_11376000.csv,NORMAL,,train,public,csibench;HP;U11;E25;Medium
csib_HP_Human_U11_Nonfall_E21_HP_903000.csv,NORMAL,,train,public,csibench;HP;U11;E21;Easy
csib_HP_Human_U17_Fall_E23_HP_3501000.csv,FALL,1708070001000;1708070002500;1708070004000,train,public,csibench;HP;U17;E23;Easy;seg_cover(3)
csib_HP_Human_U17_Fall_E23_HP_3461000.csv,FALL,1708080001000;1708080002500;1708080004000,train,public,csibench;HP;U17;E23;Easy;seg_cover(3)
csib_HP_Human_U11_Fall_E21_HP_2009000.csv,FALL,1708090001000;1708090002500;1708090004000,train,public,csibench;HP;U11;E21;Easy;seg_cover(3)
csib_HP_Human_U22_Nonfall_E24_HP_742000.csv,NORMAL,,train,public,csibench;HP;U22;E24;Easy
csib_HP_Human_U11_Nonfall_E21_HP_881000.csv,NORMAL,,train,public,csibench;HP;U11;E21;Easy
csib_HP_Human_U11_Nonfall_E24_HP_148000.csv,NORMAL,,train,public,csibench;HP;U11;E24;Easy
csib_HP_Human_U10_Fall_E23_HP_2560000.csv,FALL,1708130001000;1708130002500;1708130004000,train,public,csibench;HP;U10;E23;Easy;seg_cover(3)
csib_HP_Human_U14_Nonfall_E23_HP_6490000.csv,NORMAL,,train,public,csibench;HP;U14;E23;Easy
csib_HP_Human_U21_Fall_E24_HP_295000.csv,FALL,1708150001000;1708150002500;1708150004000,train,public,csibench;HP;U21;E24;Easy;seg_cover(3)
csib_HP_Human_U11_Fall_E25_HP_72000.csv,FALL,1708160001000;1708160002500;1708160004000,train,public,csibench;HP;U11;E25;Medium;seg_cover(3)
csib_HP_Human_U22_Nonfall_E24_HP_743000.csv,NORMAL,,train,public,csibench;HP;U22;E24;Easy
csib_HP_Human_U14_Fall_E23_HP_3116000.csv,FALL,1708180001000;1708180002500;1708180004000,train,public,csibench;HP;U14;E23;Easy;seg_cover(3)
csib_HP_Human_U11_Fall_E25_HP_126000.csv,FALL,1708190001000;1708190002500;1708190004000,train,public,csibench;HP;U11;E25;Medium;seg_cover(3)
csib_HP_Human_U14_Nonfall_E23_HP_6428000.csv,NORMAL,,train,public,csibench;HP;U14;E23;Easy
csib_HP_Human_U11_Fall_E25_HP_134000.csv,FALL,1708210001000;1708210002500;1708210004000,train,public,csibench;HP;U11;E25;Medium;seg_cover(3)
csib_HP_Human_U11_Fall_E21_HP_1962000.csv,FALL,1708220001000;1708220002500;1708220004000,train,public,csibench;HP;U11;E21;Easy;seg_cover(3)
csib_HP_Human_U06_Nonfall_E24_HP_328000.csv,NORMAL,,train,public,csibench;HP;U06;E24;Easy
csib_HP_Human_U21_Fall_E24_HP_286000.csv,FALL,1708240001000;1708240002500;1708240004000,train,public,csibench;HP;U21;E24;Easy;seg_cover(3)
csib_HP_Human_U06_Fall_E24_HP_690000.csv,FALL,1708250001000;1708250002500;1708250004000,train,public,csibench;HP;U06;E24;Easy;seg_cover(3)
csib_HP_Human_U16_Nonfall_E23_HP_7608000.csv,NORMAL,,train,public,csibench;HP;U16;E23;Easy
csib_HP_Human_U11_Fall_E25_HP_121000.csv,FALL,1708270001000;1708270002500;1708270004000,train,public,csibench;HP;U11;E25;Medium;seg_cover(3)
csib_HP_Human_U11_Fall_E21_HP_1588000.csv,FALL,1708280001000;1708280002500;1708280004000,train,public,csibench;HP;U11;E21;Easy;seg_cover(3)
csib_HP_Human_U11_Fall_E25_HP_53000.csv,FALL,1708290001000;1708290002500;1708290004000,train,public,csibench;HP;U11;E25;Medium;seg_cover(3)
csib_HP_Human_U16_Fall_E23_HP_3290000.csv,FALL,1708300001000;1708300002500;1708300004000,train,public,csibench;HP;U16;E23;Easy;seg_cover(3)
csib_HP_Human_U21_Fall_E24_HP_1205000.csv,FALL,1708310001000;1708310002500;1708310004000,train,public,csibench;HP;U21;E24;Easy;seg_cover(3)
csib_HP_Human_U21_Fall_E24_HP_298000.csv,FALL,1708320001000;1708320002500;1708320004000,train,public,csibench;HP;U21;E24;Easy;seg_cover(3)
csib_HP_Human_U11_Nonfall_E21_HP_1021000.csv,NORMAL,,train,public,csibench;HP;U11;E21;Easy
csib_HP_Human_U09_Fall_E23_HP_2394000.csv,FALL,1708340001000;1708340002500;1708340004000,train,public,csibench;HP;U09;E23;Easy;seg_cover(3)
csib_HP_Human_U11_Fall_E25_HP_57000.csv,FALL,1708350001000;1708350002500;1708350004000,train,public,csibench;HP;U11;E25;Medium;seg_cover(3)
csib_HP_Human_U11_Nonfall_E25_HP_11402000.csv,NORMAL,,train,public,csibench;HP;U11;E25;Medium
csib_HP_Human_U21_Fall_E24_HP_288000.csv,FALL,1708370001000;1708370002500;1708370004000,train,public,csibench;HP;U21;E24;Easy;seg_cover(3)
csib_HP_Human_U21_Fall_E24_HP_263000.csv,FALL,1708380001000;1708380002500;1708380004000,train,public,csibench;HP;U21;E24;Easy;seg_cover(3)
csib_HP_Human_U11_Nonfall_E25_HP_11381000.csv,NORMAL,,train,public,csibench;HP;U11;E25;Medium
csib_HP_Human_U17_Fall_E23_HP_3499000.csv,FALL,1708400001000;1708400002500;1708400004000,train,public,csibench;HP;U17;E23;Easy;seg_cover(3)
csib_HP_Human_U11_Nonfall_E25_HP_11407000.csv,NORMAL,,train,public,csibench;HP;U11;E25;Medium
csib_HP_Human_U11_Nonfall_E21_HP_879000.csv,NORMAL,,train,public,csibench;HP;U11;E21;Easy
csib_HP_Human_U22_Fall_E24_HP_980000.csv,FALL,1708430001000;1708430002500;1708430004000,train,public,csibench;HP;U22;E24;Easy;seg_cover(3)
csib_HP_Human_U21_Fall_E24_HP_324000.csv,FALL,1708440001000;1708440002500;1708440004000,train,public,csibench;HP;U21;E24;Easy;seg_cover(3)
csib_HP_Human_U07_Fall_E21_HP_2184000.csv,FALL,1708450001000;1708450002500;1708450004000,train,public,csibench;HP;U07;E21;Easy;seg_cover(3)
csib_HP_Human_U11_Nonfall_E24_HP_138000.csv,NORMAL,,train,public,csibench;HP;U11;E24;Easy
csib_HP_Human_U11_Nonfall_E21_HP_1036000.csv,NORMAL,,train,public,csibench;HP;U11;E21;Easy
csib_HP_Human_U21_Fall_E24_HP_829000.csv,FALL,1708480001000;1708480002500;1708480004000,train,public,csibench;HP;U21;E24;Easy;seg_cover(3)
csib_HP_Human_U11_Fall_E21_HP_1769000.csv,FALL,1708490001000;1708490002500;1708490004000,train,public,csibench;HP;U11;E21;Easy;seg_cover(3)
csib_HP_Human_U11_Nonfall_E25_HP_11364000.csv,NORMAL,,train,public,csibench;HP;U11;E25;Medium
csib_HP_Human_U11_Fall_E21_HP_1961000.csv,FALL,1708510001000;1708510002500;1708510004000,train,public,csibench;HP;U11;E21;Easy;seg_cover(3)
csib_HP_Human_U07_Fall_E21_HP_2176000.csv,FALL,1708520001000;1708520002500;1708520004000,train,public,csibench;HP;U07;E21;Easy;seg_cover(3)
csib_HP_Human_U06_Fall_E24_HP_695000.csv,FALL,1708530001000;1708530002500;1708530004000,train,public,csibench;HP;U06;E24;Easy;seg_cover(3)
csib_HP_Human_U07_Fall_E21_HP_2213000.csv,FALL,1708540001000;1708540002500;1708540004000,train,public,csibench;HP;U07;E21;Easy;seg_cover(3)
csib_HP_Human_U11_Nonfall_E23_HP_3673000.csv,NORMAL,,train,public,csibench;HP;U11;E23;Easy
csib_HP_Human_U11_Fall_E25_HP_223000.csv,FALL,1708560001000;1708560002500;1708560004000,train,public,csibench;HP;U11;E25;Medium;seg_cover(3)
csib_HP_Human_U11_Fall_E25_HP_137000.csv,FALL,1708570001000;1708570002500;1708570004000,train,public,csibench;HP;U11;E25;Medium;seg_cover(3)
csib_HP_Human_U11_Fall_E25_HP_60000.csv,FALL,1708580001000;1708580002500;1708580004000,train,public,csibench;HP;U11;E25;Medium;seg_cover(3)
csib_HP_Human_U11_Nonfall_E21_HP_1253000.csv,NORMAL,,train,public,csibench;HP;U11;E21;Easy
csib_HP_Human_U16_Nonfall_E23_HP_7607000.csv,NORMAL,,train,public,csibench;HP;U16;E23;Easy
csib_HP_Human_U11_Nonfall_E21_HP_1045000.csv,NORMAL,,train,public,csibench;HP;U11;E21;Easy
csib_HP_Human_U11_Fall_E25_HP_138000.csv,FALL,1708620001000;1708620002500;1708620004000,train,public,csibench;HP;U11;E25;Medium;seg_cover(3)
csib_HP_Human_U21_Fall_E23_HP_3671000.csv,FALL,1708630001000;1708630002500;1708630004000,train,public,csibench;HP;U21;E23;Easy;seg_cover(3)
csib_HP_Human_U14_Nonfall_E23_HP_6437000.csv,NORMAL,,train,public,csibench;HP;U14;E23;Easy
csib_HP_Human_U07_Fall_E21_HP_2190000.csv,FALL,1708650001000;1708650002500;1708650004000,train,public,csibench;HP;U07;E21;Easy;seg_cover(3)
csib_HP_Human_U11_Fall_E21_HP_1802000.csv,FALL,1708660001000;1708660002500;1708660004000,train,public,csibench;HP;U11;E21;Easy;seg_cover(3)
csib_HP_Human_U11_Nonfall_E25_HP_11380000.csv,NORMAL,,train,public,csibench;HP;U11;E25;Medium
csib_HP_Human_U11_Fall_E21_HP_1587000.csv,FALL,1708680001000;1708680002500;1708680004000,train,public,csibench;HP;U11;E21;Easy;seg_cover(3)
csib_HP_Human_U11_Nonfall_E23_HP_3882000.csv,NORMAL,,train,public,csibench;HP;U11;E23;Easy
csib_HP_Human_U11_Nonfall_E24_HP_109000.csv,NORMAL,,train,public,csibench;HP;U11;E24;Easy
csib_HP_Human_U11_Fall_E25_HP_59000.csv,FALL,1708710001000;1708710002500;1708710004000,train,public,csibench;HP;U11;E25;Medium;seg_cover(3)
csib_HP_Human_U11_Nonfall_E21_HP_900000.csv,NORMAL,,train,public,csibench;HP;U11;E21;Easy
csib_HP_Human_U06_Nonfall_E24_HP_342000.csv,NORMAL,,train,public,csibench;HP;U06;E24;Easy
csib_HP_Human_U21_Fall_E24_HP_290000.csv,FALL,1708740001000;1708740002500;1708740004000,train,public,csibench;HP;U21;E24;Easy;seg_cover(3)
csib_HP_Human_U11_Nonfall_E25_HP_11415000.csv,NORMAL,,train,public,csibench;HP;U11;E25;Medium
csib_HP_Human_U17_Fall_E23_HP_3515000.csv,FALL,1708760001000;1708760002500;1708760004000,train,public,csibench;HP;U17;E23;Easy;seg_cover(3)
csib_HP_Human_U11_Nonfall_E24_HP_166000.csv,NORMAL,,train,public,csibench;HP;U11;E24;Easy
csib_HP_Human_U21_Fall_E24_HP_275000.csv,FALL,1708780001000;1708780002500;1708780004000,train,public,csibench;HP;U21;E24;Easy;seg_cover(3)
csib_HP_Human_U11_Nonfall_E21_HP_1240000.csv,NORMAL,,train,public,csibench;HP;U11;E21;Easy
csib_HP_Human_U11_Nonfall_E25_HP_11368000.csv,NORMAL,,train,public,csibench;HP;U11;E25;Medium
csib_HP_Human_U11_Nonfall_E21_HP_1222000.csv,NORMAL,,train,public,csibench;HP;U11;E21;Easy
csib_HP_Human_U11_Nonfall_E25_HP_11374000.csv,NORMAL,,train,public,csibench;HP;U11;E25;Medium
csib_HP_Human_U11_Fall_E23_HP_2748000.csv,FALL,1708830001000;1708830002500;1708830004000,train,public,csibench;HP;U11;E23;Easy;seg_cover(3)
csib_HP_Human_U11_Nonfall_E21_HP_1228000.csv,NORMAL,,train,public,csibench;HP;U11;E21;Easy
csib_HP_Human_U06_Fall_E24_HP_689000.csv,FALL,1708850001000;1708850002500;1708850004000,train,public,csibench;HP;U06;E24;Easy;seg_cover(3)
csib_HP_Human_U11_Fall_E21_HP_1561000.csv,FALL,1708860001000;1708860002500;1708860004000,train,public,csibench;HP;U11;E21;Easy;seg_cover(3)
csib_HP_Human_U21_Nonfall_E24_HP_580000.csv,NORMAL,,train,public,csibench;HP;U21;E24;Easy
csib_HP_Human_U21_Nonfall_E24_HP_513000.csv,NORMAL,,train,public,csibench;HP;U21;E24;Easy
csib_HP_Human_U21_Nonfall_E23_HP_10524000.csv,NORMAL,,train,public,csibench;HP;U21;E23;Easy
csib_HP_Human_U21_Fall_E24_HP_1207000.csv,FALL,1708900001000;1708900002500;1708900004000,train,public,csibench;HP;U21;E24;Easy;seg_cover(3)
csib_HP_Human_U14_Nonfall_E23_HP_6402000.csv,NORMAL,,train,public,csibench;HP;U14;E23;Easy
csib_HP_Human_U13_Fall_E23_HP_2927000.csv,FALL,1708920001000;1708920002500;1708920004000,train,public,csibench;HP;U13;E23;Easy;seg_cover(3)
csib_HP_Human_U10_Fall_E23_HP_2541000.csv,FALL,1708930001000;1708930002500;1708930004000,train,public,csibench;HP;U10;E23;Easy;seg_cover(3)
csib_HP_Human_U22_Nonfall_E24_HP_763000.csv,NORMAL,,train,public,csibench;HP;U22;E24;Easy
csib_HP_Human_U10_Fall_E23_HP_2528000.csv,FALL,1708950001000;1708950002500;1708950004000,train,public,csibench;HP;U10;E23;Easy;seg_cover(3)
csib_HP_Human_U21_Nonfall_E24_HP_568000.csv,NORMAL,,train,public,csibench;HP;U21;E24;Easy
csib_HP_Human_U21_Fall_E23_HP_3717000.csv,FALL,1708970001000;1708970002500;1708970004000,train,public,csibench;HP;U21;E23;Easy;seg_cover(3)
csib_HP_Human_U11_Nonfall_E25_HP_11406000.csv,NORMAL,,train,public,csibench;HP;U11;E25;Medium
csib_HP_Human_U11_Fall_E24_HP_1105000.csv,FALL,1708990001000;1708990002500;1708990004000,train,public,csibench;HP;U11;E24;Easy;seg_cover(3)
csib_HP_Human_U21_Fall_E24_HP_840000.csv,FALL,1709000001000;1709000002500;1709000004000,train,public,csibench;HP;U21;E24;Easy;seg_cover(3)
csib_HP_Human_U06_Nonfall_E24_HP_330000.csv,NORMAL,,train,public,csibench;HP;U06;E24;Easy
csib_HP_Human_U14_Nonfall_E23_HP_6531000.csv,NORMAL,,train,public,csibench;HP;U14;E23;Easy
csib_HP_Human_U11_Nonfall_E21_HP_1255000.csv,NORMAL,,train,public,csibench;HP;U11;E21;Easy
csib_HP_Human_U11_Nonfall_E21_HP_1221000.csv,NORMAL,,train,public,csibench;HP;U11;E21;Easy
csib_HP_Human_U11_Nonfall_E25_HP_11372000.csv,NORMAL,,train,public,csibench;HP;U11;E25;Medium
csib_HP_Human_U11_Nonfall_E25_HP_11409000.csv,NORMAL,,train,public,csibench;HP;U11;E25;Medium
csib_HP_Human_U11_Nonfall_E25_HP_11400000.csv,NORMAL,,train,public,csibench;HP;U11;E25;Medium
csib_HP_Human_U11_Nonfall_E25_HP_11378000.csv,NORMAL,,train,public,csibench;HP;U11;E25;Medium
csib_HP_Human_U11_Fall_E25_HP_122000.csv,FALL,1709090001000;1709090002500;1709090004000,train,public,csibench;HP;U11;E25;Medium;seg_cover(3)
csib_HP_Human_U11_Nonfall_E21_HP_1009000.csv,NORMAL,,train,public,csibench;HP;U11;E21;Easy
csib_HP_Human_U11_Nonfall_E21_HP_1258000.csv,NORMAL,,train,public,csibench;HP;U11;E21;Easy
csib_HP_Human_U11_Fall_E24_HP_572000.csv,FALL,1709120001000;1709120002500;1709120004000,train,public,csibench;HP;U11;E24;Easy;seg_cover(3)
csib_HP_Human_U11_Nonfall_E21_HP_1012000.csv,NORMAL,,train,public,csibench;HP;U11;E21;Easy
csib_HP_Human_U11_Nonfall_E24_HP_93000.csv,NORMAL,,train,public,csibench;HP;U11;E24;Easy
csib_HP_Human_U11_Fall_E24_HP_567000.csv,FALL,1709150001000;1709150002500;1709150004000,train,public,csibench;HP;U11;E24;Easy;seg_cover(3)
csib_HP_Human_U11_Fall_E21_HP_1756000.csv,FALL,1709160001000;1709160002500;1709160004000,train,public,csibench;HP;U11;E21;Easy;seg_cover(3)
csib_HP_Human_U22_Nonfall_E24_HP_765000.csv,NORMAL,,train,public,csibench;HP;U22;E24;Easy
csib_HP_Human_U06_Fall_E24_HP_692000.csv,FALL,1709180001000;1709180002500;1709180004000,train,public,csibench;HP;U06;E24;Easy;seg_cover(3)
csib_HP_Human_U11_Fall_E25_HP_125000.csv,FALL,1709190001000;1709190002500;1709190004000,train,public,csibench;HP;U11;E25;Medium;seg_cover(3)
csib_HP_Human_U11_Nonfall_E25_HP_11382000.csv,NORMAL,,train,public,csibench;HP;U11;E25;Medium
csib_HP_Human_U07_Fall_E21_HP_2214000.csv,FALL,1709210001000;1709210002500;1709210004000,train,public,csibench;HP;U07;E21;Easy;seg_cover(3)
csib_HP_Human_U11_Nonfall_E21_HP_1056000.csv,NORMAL,,train,public,csibench;HP;U11;E21;Easy
csib_HP_Human_U11_Fall_E25_HP_128000.csv,FALL,1709230001000;1709230002500;1709230004000,train,public,csibench;HP;U11;E25;Medium;seg_cover(3)
csib_HP_Human_U11_Nonfall_E25_HP_11363000.csv,NORMAL,,train,public,csibench;HP;U11;E25;Medium
csib_HP_Human_U22_Fall_E24_HP_1014000.csv,FALL,1709250001000;1709250002500;1709250004000,train,public,csibench;HP;U22;E24;Easy;seg_cover(3)
csib_HP_Human_U11_Nonfall_E25_HP_11408000.csv,NORMAL,,train,public,csibench;HP;U11;E25;Medium
csib_HP_Human_U11_Fall_E21_HP_2014000.csv,FALL,1709270001000;1709270002500;1709270004000,train,public,csibench;HP;U11;E21;Easy;seg_cover(3)
csib_HP_Human_U11_Fall_E25_HP_140000.csv,FALL,1709280001000;1709280002500;1709280004000,train,public,csibench;HP;U11;E25;Medium;seg_cover(3)
csib_HP_Human_U07_Fall_E21_HP_2201000.csv,FALL,1709290001000;1709290002500;1709290004000,train,public,csibench;HP;U07;E21;Easy;seg_cover(3)
csib_HP_Human_U11_Fall_E25_HP_63000.csv,FALL,1709300001000;1709300002500;1709300004000,train,public,csibench;HP;U11;E25;Medium;seg_cover(3)
csib_HP_Human_U11_Nonfall_E25_HP_11359000.csv,NORMAL,,train,public,csibench;HP;U11;E25;Medium
csib_HP_Human_U17_Fall_E23_HP_3518000.csv,FALL,1709320001000;1709320002500;1709320004000,train,public,csibench;HP;U17;E23;Easy;seg_cover(3)
csib_HP_Human_U11_Fall_E24_HP_69000.csv,FALL,1709330001000;1709330002500;1709330004000,train,public,csibench;HP;U11;E24;Easy;seg_cover(3)
csib_HP_Human_U11_Fall_E21_HP_1758000.csv,FALL,1709340001000;1709340002500;1709340004000,train,public,csibench;HP;U11;E21;Easy;seg_cover(3)
csib_HP_Human_U21_Fall_E23_HP_3724000.csv,FALL,1709350001000;1709350002500;1709350004000,train,public,csibench;HP;U21;E23;Easy;seg_cover(3)
csib_HP_Human_U11_Nonfall_E24_HP_113000.csv,NORMAL,,train,public,csibench;HP;U11;E24;Easy
csib_HP_Human_U17_Fall_E23_HP_3520000.csv,FALL,1709370001000;1709370002500;1709370004000,train,public,csibench;HP;U17;E23;Easy;seg_cover(3)
csib_HP_Human_U11_Fall_E23_HP_2723000.csv,FALL,1709380001000;1709380002500;1709380004000,train,public,csibench;HP;U11;E23;Easy;seg_cover(3)
csib_HP_Human_U14_Nonfall_E23_HP_6240000.csv,NORMAL,,train,public,csibench;HP;U14;E23;Easy
csib_HP_Human_U21_Nonfall_E23_HP_10299000.csv,NORMAL,,train,public,csibench;HP;U21;E23;Easy
csib_HP_Human_U07_Fall_E21_HP_2208000.csv,FALL,1709410001000;1709410002500;1709410004000,train,public,csibench;HP;U07;E21;Easy;seg_cover(3)
csib_HP_Human_U11_Fall_E21_HP_2010000.csv,FALL,1709420001000;1709420002500;1709420004000,train,public,csibench;HP;U11;E21;Easy;seg_cover(3)
csib_HP_Human_U16_Fall_E23_HP_3322000.csv,FALL,1709430001000;1709430002500;1709430004000,train,public,csibench;HP;U16;E23;Easy;seg_cover(3)
csib_HP_Human_U14_Fall_E23_HP_3145000.csv,FALL,1709440001000;1709440002500;1709440004000,train,public,csibench;HP;U14;E23;Easy;seg_cover(3)
csib_HP_Human_U11_Nonfall_E25_HP_11384000.csv,NORMAL,,train,public,csibench;HP;U11;E25;Medium
csib_HP_Human_U11_Nonfall_E25_HP_11371000.csv,NORMAL,,train,public,csibench;HP;U11;E25;Medium
csib_HP_Human_U11_Fall_E24_HP_552000.csv,FALL,1709470001000;1709470002500;1709470004000,train,public,csibench;HP;U11;E24;Easy;seg_cover(3)
csib_HP_Human_U11_Fall_E25_HP_68000.csv,FALL,1709480001000;1709480002500;1709480004000,train,public,csibench;HP;U11;E25;Medium;seg_cover(3)
csib_HP_Human_U11_Fall_E25_HP_227000.csv,FALL,1709490001000;1709490002500;1709490004000,train,public,csibench;HP;U11;E25;Medium;seg_cover(3)
csib_HP_Human_U11_Nonfall_E25_HP_11385000.csv,NORMAL,,train,public,csibench;HP;U11;E25;Medium
csib_HP_Human_U16_Fall_E23_HP_3270000.csv,FALL,1709510001000;1709510002500;1709510004000,train,public,csibench;HP;U16;E23;Easy;seg_cover(3)
csib_HP_Human_U11_Fall_E24_HP_610000.csv,FALL,1709520001000;1709520002500;1709520004000,train,public,csibench;HP;U11;E24;Easy;seg_cover(3)
csib_HP_Human_U11_Nonfall_E25_HP_11375000.csv,NORMAL,,train,public,csibench;HP;U11;E25;Medium
csib_HP_Human_U14_Fall_E23_HP_3114000.csv,FALL,1709540001000;1709540002500;1709540004000,train,public,csibench;HP;U14;E23;Easy;seg_cover(3)
csib_HP_Human_U11_Nonfall_E21_HP_1030000.csv,NORMAL,,train,public,csibench;HP;U11;E21;Easy
csib_HP_Human_U06_Nonfall_E24_HP_312000.csv,NORMAL,,train,public,csibench;HP;U06;E24;Easy
csib_HP_Human_U11_Nonfall_E25_HP_11393000.csv,NORMAL,,train,public,csibench;HP;U11;E25;Medium
csib_HP_Human_U11_Fall_E25_HP_64000.csv,FALL,1709580001000;1709580002500;1709580004000,train,public,csibench;HP;U11;E25;Medium;seg_cover(3)
csib_HP_Human_U21_Nonfall_E24_HP_572000.csv,NORMAL,,train,public,csibench;HP;U21;E24;Easy
csib_HP_Human_U21_Nonfall_E23_HP_10332000.csv,NORMAL,,train,public,csibench;HP;U21;E23;Easy
csib_HP_Human_U11_Nonfall_E23_HP_3990000.csv,NORMAL,,train,public,csibench;HP;U11;E23;Easy
csib_HP_Human_U11_Nonfall_E25_HP_11361000.csv,NORMAL,,train,public,csibench;HP;U11;E25;Medium
csib_HP_Human_U11_Nonfall_E21_HP_1043000.csv,NORMAL,,train,public,csibench;HP;U11;E21;Easy
csib_HP_Human_U11_Fall_E25_HP_129000.csv,FALL,1709640001000;1709640002500;1709640004000,train,public,csibench;HP;U11;E25;Medium;seg_cover(3)
csib_HP_Human_U22_Fall_E24_HP_1007000.csv,FALL,1709650001000;1709650002500;1709650004000,train,public,csibench;HP;U22;E24;Easy;seg_cover(3)
csib_HP_Human_U11_Nonfall_E21_HP_1251000.csv,NORMAL,,train,public,csibench;HP;U11;E21;Easy
csib_HP_Human_U06_Nonfall_E24_HP_329000.csv,NORMAL,,train,public,csibench;HP;U06;E24;Easy
csib_HP_Human_U11_Fall_E21_HP_1573000.csv,FALL,1709680001000;1709680002500;1709680004000,train,public,csibench;HP;U11;E21;Easy;seg_cover(3)
csib_HP_Human_U10_Fall_E23_HP_2522000.csv,FALL,1709690001000;1709690002500;1709690004000,train,public,csibench;HP;U10;E23;Easy;seg_cover(3)
csib_HP_Human_U11_Nonfall_E24_HP_175000.csv,NORMAL,,train,public,csibench;HP;U11;E24;Easy
csib_HP_Human_U11_Nonfall_E25_HP_11394000.csv,NORMAL,,train,public,csibench;HP;U11;E25;Medium
csib_HP_Human_U21_Fall_E23_HP_3698000.csv,FALL,1709720001000;1709720002500;1709720004000,train,public,csibench;HP;U21;E23;Easy;seg_cover(3)
csib_HP_Human_U11_Nonfall_E25_HP_11395000.csv,NORMAL,,train,public,csibench;HP;U11;E25;Medium
csib_HP_Human_U11_Fall_E21_HP_2005000.csv,FALL,1709740001000;1709740002500;1709740004000,train,public,csibench;HP;U11;E21;Easy;seg_cover(3)
csib_HP_Human_U10_Nonfall_E23_HP_2670000.csv,NORMAL,,train,public,csibench;HP;U10;E23;Easy
csib_HP_Human_U21_Nonfall_E24_HP_504000.csv,NORMAL,,train,public,csibench;HP;U21;E24;Easy
csib_HP_Human_U11_Fall_E25_HP_62000.csv,FALL,1709770001000;1709770002500;1709770004000,train,public,csibench;HP;U11;E25;Medium;seg_cover(3)
csib_HP_Human_U11_Nonfall_E21_HP_911000.csv,NORMAL,,train,public,csibench;HP;U11;E21;Easy
csib_HP_Human_U11_Nonfall_E25_HP_11360000.csv,NORMAL,,train,public,csibench;HP;U11;E25;Medium
csib_HP_Human_U11_Nonfall_E21_HP_899000.csv,NORMAL,,train,public,csibench;HP;U11;E21;Easy
csib_HP_Human_U11_Nonfall_E21_HP_1238000.csv,NORMAL,,train,public,csibench;HP;U11;E21;Easy
csib_HP_Human_U21_Fall_E24_HP_270000.csv,FALL,1709820001000;1709820002500;1709820004000,train,public,csibench;HP;U21;E24;Easy;seg_cover(3)
csib_HP_Human_U10_Nonfall_E23_HP_2835000.csv,NORMAL,,train,public,csibench;HP;U10;E23;Easy
csib_HP_Human_U21_Fall_E24_HP_837000.csv,FALL,1709840001000;1709840002500;1709840004000,train,public,csibench;HP;U21;E24;Easy;seg_cover(3)
csib_HP_Human_U21_Nonfall_E23_HP_10610000.csv,NORMAL,,train,public,csibench;HP;U21;E23;Easy
csib_HP_Human_U11_Fall_E21_HP_1529000.csv,FALL,1709860001000;1709860002500;1709860004000,train,public,csibench;HP;U11;E21;Easy;seg_cover(3)
csib_HP_Human_U11_Nonfall_E24_HP_139000.csv,NORMAL,,train,public,csibench;HP;U11;E24;Easy
csib_HP_Human_U10_Nonfall_E23_HP_2828000.csv,NORMAL,,train,public,csibench;HP;U10;E23;Easy
csib_HP_Human_U22_Fall_E24_HP_1013000.csv,FALL,1709890001000;1709890002500;1709890004000,train,public,csibench;HP;U22;E24;Easy;seg_cover(3)
csib_HP_Human_U21_Nonfall_E24_HP_511000.csv,NORMAL,,train,public,csibench;HP;U21;E24;Easy
csib_HP_Human_U11_Nonfall_E23_HP_4037000.csv,NORMAL,,train,public,csibench;HP;U11;E23;Easy
csib_HP_Human_U11_Nonfall_E21_HP_1249000.csv,NORMAL,,train,public,csibench;HP;U11;E21;Easy
csib_HP_Human_U11_Fall_E21_HP_1563000.csv,FALL,1709930001000;1709930002500;1709930004000,train,public,csibench;HP;U11;E21;Easy;seg_cover(3)
csib_HP_Human_U11_Fall_E23_HP_2712000.csv,FALL,1709940001000;1709940002500;1709940004000,train,public,csibench;HP;U11;E23;Easy;seg_cover(3)
